id,fake-company-name,company-email,slogan
"1","O'Keefe Ltd","jacobs.brain@veum.com","ประสานตลาดสมัยใหม่"
"2","Casper Ltd","eriberto43@strosin.ac.th","ส่งเสริมประสบการณ์สมัยใหม่"
"3","Friesen Ltd","robel.dedrick@blick.ac.th","เชื่อมโยงอุตสาหกรรมพร้อมใช้งาน"
"4","Heathcote Ltd","tvolkman@botsford.com","สรรสร้างสถาปัตยกรรมอย่างมีประสิทธิภาพ"
"5","Cronin Ltd","pshanahan@marquardt.ac.th","เชื่อมต่อระบบสู่ผู้บริโภค"
"6","Nader Ltd","rmurray@vonrueden.in.th","ประสานโครงสร้าง24 ชั่วโมง"
"7","Mayert Ltd","greenholt.justice@swift.ac.th","ส่งเสริมเนื้อหา24 ชั่วโมง"
"8","Huels Ltd","agnes41@towne.co.th","สรรสร้างประสบการณ์เพื่อการเปลี่ยนแปลง"
"9","Powlowski Ltd","schamberger.rachel@lubowitz.in.th","พัฒนาเนื้อหาพร้อมใช้งาน"
"10","Connelly Ltd","cordia.keebler@leuschke.go.th","พัฒนาผู้ใช้24 ชั่วโมง"
"11","Heidenreich Ltd","alessia.rice@witting.go.th","พัฒนาเนื้อหาที่ปรับตัวได้"
"12","Schneider Ltd","karlie09@murazik.com","เชื่อมโยงเทคโนโลยีพร้อมใช้งาน"
"13","Robel Ltd","danielle17@johns.in.th","เชื่อมโยงผู้ใช้ที่โปร่งใส"
"14","Leannon Ltd","gokon@bins.mi.th","ประสานความคิดพร้อมใช้งาน"
"15","Graham Ltd","turcotte.danika@orn.th","ประสานสถาปัตยกรรมอย่างสากล"
"16","Schimmel Ltd","rose27@ernser.mi.th","ส่งเสริมผู้ใช้ที่ปรับตัวได้"
"17","Skiles Ltd","sarai75@renner.co.th","ส่งเสริมสถาปัตยกรรมที่มีคุณค่า"
"18","Medhurst Ltd","pkilback@schinner.ac.th","พัฒนาความคิดที่โปร่งใส"
"19","Turcotte Ltd","boyer.viva@yundt.co.th","เชื่อมต่อโครงสร้างอย่างไร้ที่ติ"
"20","DuBuque Ltd","alessandro.koelpin@cronin.or.th","ส่งเสริมสถาปัตยกรรมที่น่าดึงดูด"
"21","Spinka Ltd","cristina06@marks.mi.th","เปลี่ยนเทคโนโลยีรูปแบบใหม่"
"22","Lockman Ltd","luigi97@dach.mi.th","เชื่อมโยงความคิดพร้อมใช้งาน"
"23","Shanahan Ltd","dashawn26@wolff.go.th","ส่งเสริมประสบการณ์อย่างสากล"
"24","Dicki Ltd","hbashirian@roob.mi.th","เปลี่ยนประสบการณ์ที่มีความหมาย"
"25","Kihn Ltd","qparisian@spinka.co.th","เชื่อมต่อสถาปัตยกรรมที่สร้างสรรค์"
"26","Graham Ltd","jennyfer53@toy.in.th","เชื่อมต่อความคิดคุณภาพสากล"
"27","Beier Ltd","max.legros@botsford.or.th","สรรสร้างตลาดที่ปรับตัวได้"
"28","Tillman Ltd","rmueller@wilderman.co.th","สรรสร้างตลาดคุณภาพสากล"
"29","Cronin Ltd","neil52@heaney.co.th","พัฒนาผู้ใช้ที่มีความหมาย"
"30","Larkin Ltd","charity.stoltenberg@ledner.mi.th","เชื่อมโยงโครงสร้างที่น่าดึงดูด"
"31","Cassin Ltd","orpha.lindgren@barrows.net.th","ส่งเสริมผู้ใช้ที่สร้างสรรค์"
"32","Hickle Ltd","bertrand88@zboncak.th","ประสานความคิดอย่างสากล"
"33","Cole Ltd","mireya97@watsica.net.th","พัฒนาอุตสาหกรรมเพื่อการเปลี่ยนแปลง"
"34","Trantow Ltd","matteo32@kiehn.or.th","เปลี่ยนความคิดอย่างไร้ที่ติ"
"35","Haag Ltd","davis.jerald@gibson.net.th","เชื่อมต่ออุตสาหกรรมที่ปรับตัวได้"
"36","Kuhn Ltd","carroll.jessyca@buckridge.net.th","พัฒนาความคิดที่ปรับตัวได้"
"37","Walter Ltd","amanda64@hintz.in.th","ส่งเสริมตลาดที่โปร่งใส"
"38","Thiel Ltd","quitzon.alexandro@marvin.go.th","สรรสร้างสถาปัตยกรรมพร้อมใช้งาน"
"39","Labadie Ltd","chaya81@braun.ac.th","เปลี่ยนเครือข่ายอย่างมีประสิทธิภาพ"
"40","Legros Ltd","danial47@mertz.go.th","ประสานสถาปัตยกรรมที่มีความหมาย"
"41","Grant Ltd","lharber@waelchi.in.th","สรรสร้างสถาปัตยกรรมที่น่าดึงดูด"
"42","Dietrich Ltd","layla57@konopelski.th","เปลี่ยนระบบที่ปรับตัวได้"
"43","Waters Ltd","blaise.mcdermott@braun.go.th","พัฒนาสถาปัตยกรรมที่ปรับตัวได้"
"44","Wintheiser Ltd","ratke.hilton@sanford.or.th","เปลี่ยนผู้ใช้อย่างมีประสิทธิภาพ"
"45","Schmeler Ltd","rbailey@keeling.in.th","พัฒนาเครือข่ายที่มีความหมาย"
"46","Armstrong Ltd","annabel89@fritsch.or.th","เชื่อมโยงความคิดที่แข็งแกร่ง"
"47","Leuschke Ltd","tianna.sipes@purdy.co.th","ส่งเสริมผู้ใช้ที่สร้างสรรค์"
"48","Hayes Ltd","antone.keebler@lubowitz.ac.th","เชื่อมโยงสถาปัตยกรรมอย่างมีประสิทธิภาพ"
"49","Gusikowski Ltd","ila.kunze@mohr.ac.th","พัฒนาโครงสร้างเพื่อการเปลี่ยนแปลง"
"50","Tillman Ltd","micheal06@cartwright.com","เชื่อมโยงระบบสู่ผู้บริโภค"
"51","McDermott Ltd","augustus.rau@steuber.or.th","ประสานเนื้อหาอย่างไร้รอยต่อ"
"52","Brown Ltd","markus72@feeney.co.th","ส่งเสริมผู้ใช้คุณภาพสากล"
"53","Baumbach Ltd","fkoepp@feeney.go.th","ประสานเทคโนโลยี24 ชั่วโมง"
"54","Waelchi Ltd","zkunze@denesik.th","เชื่อมโยงความคิดอย่างไร้รอยต่อ"
"55","Lakin Ltd","bogisich.carlo@stracke.th","พัฒนาโครงสร้างสู่ผู้บริโภค"
"56","Runolfsson Ltd","rosamond.lang@ortiz.or.th","เปลี่ยนความคิดที่ปรับตัวได้"
"57","Torp Ltd","bechtelar.nathanael@schroeder.in.th","ประสานเครือข่าย24 ชั่วโมง"
"58","Skiles Ltd","bogisich.merritt@kutch.net.th","สรรสร้างโครงสร้างที่ปรับตัวได้"
"59","Cruickshank Ltd","delphine63@miller.in.th","เชื่อมต่อประสบการณ์สู่ผู้บริโภค"
"60","Witting Ltd","nat82@dubuque.in.th","ส่งเสริมเนื้อหาคุณภาพสากล"
"61","Kling Ltd","karolann02@luettgen.ac.th","ประสานตลาดที่ปรับตัวได้"
"62","Kemmer Ltd","zrolfson@kling.net.th","ส่งเสริมโครงสร้างสมัยใหม่"
"63","Schmeler Ltd","gbatz@armstrong.mi.th","สรรสร้างอุตสาหกรรม24 ชั่วโมง"
"64","Ruecker Ltd","brandyn24@wunsch.com","เปลี่ยนเนื้อหาอย่างไร้ที่ติ"
"65","Torp Ltd","fdeckow@jast.or.th","สรรสร้างตลาดที่โปร่งใส"
"66","Bernhard Ltd","odessa.halvorson@stiedemann.ac.th","เชื่อมต่อความคิดรูปแบบใหม่"
"67","Howell Ltd","btremblay@kutch.mi.th","เปลี่ยนประสบการณ์คุณภาพสากล"
"68","Pagac Ltd","gavin.considine@kiehn.in.th","เชื่อมต่อความคิดพร้อมใช้งาน"
"69","Hilpert Ltd","amelia.jacobson@sauer.ac.th","เชื่อมต่อโครงสร้างที่แข็งแกร่ง"
"70","Bogan Ltd","erwin.greenholt@barton.go.th","สรรสร้างความคิดที่โปร่งใส"
"71","Rutherford Ltd","kasey74@spinka.go.th","เชื่อมโยงสถาปัตยกรรมรูปแบบใหม่"
"72","Farrell Ltd","metz.ariel@jerde.in.th","เปลี่ยนประสบการณ์ที่มีความหมาย"
"73","McLaughlin Ltd","ephraim33@mraz.mi.th","พัฒนาเนื้อหาที่แข็งแกร่ง"
"74","Gibson Ltd","dabbott@emard.go.th","เชื่อมต่อประสบการณ์อย่างไร้ที่ติ"
"75","O'Hara Ltd","mlowe@hudson.or.th","สรรสร้างโครงสร้างเพื่อการเปลี่ยนแปลง"
"76","Towne Ltd","hoyt.boehm@berge.co.th","พัฒนาเนื้อหาที่มีคุณค่า"
"77","Bruen Ltd","vonrueden.jefferey@hyatt.mi.th","เชื่อมโยงตลาดที่แข็งแกร่ง"
"78","Berge Ltd","pweimann@blick.co.th","เปลี่ยนผู้ใช้เพื่อการเปลี่ยนแปลง"
"79","Brekke Ltd","yschmidt@metz.mi.th","ส่งเสริมตลาดอย่างไร้รอยต่อ"
"80","Buckridge Ltd","fjohnson@king.com","ประสานเนื้อหาที่สร้างสรรค์"
"81","West Ltd","justus12@heathcote.th","เชื่อมต่อเนื้อหาที่มีความหมาย"
"82","Bartoletti Ltd","ignatius58@hand.co.th","เปลี่ยนโครงสร้างอย่างไร้ที่ติ"
"83","Lebsack Ltd","peyton.herman@williamson.com","ประสานความคิดอย่างสากล"
"84","Ward Ltd","hhuels@wolff.mi.th","ประสานเนื้อหาอย่างสากล"
"85","Collier Ltd","marie60@fisher.th","เชื่อมโยงโครงสร้างที่ปรับตัวได้"
"86","Willms Ltd","gertrude.zieme@bayer.go.th","เชื่อมต่อเทคโนโลยีที่มีคุณค่า"
"87","Kris Ltd","zelda.marquardt@sanford.ac.th","เชื่อมต่อสถาปัตยกรรมรูปแบบใหม่"
"88","Donnelly Ltd","napoleon.wilderman@runolfsdottir.com","ส่งเสริมเนื้อหา24 ชั่วโมง"
"89","D'Amore Ltd","bhansen@windler.go.th","เชื่อมโยงผู้ใช้สมัยใหม่"
"90","Kuphal Ltd","wgoodwin@anderson.com","ประสานเนื้อหาอย่างมีประสิทธิภาพ"
"91","Kiehn Ltd","alexanne70@welch.net.th","เชื่อมต่อประสบการณ์ที่มีคุณค่า"
"92","Stehr Ltd","philip.konopelski@hegmann.go.th","เปลี่ยนเครือข่ายอย่างสากล"
"93","Abernathy Ltd","vance90@borer.th","เปลี่ยนประสบการณ์ที่มีคุณค่า"
"94","Sanford Ltd","rfranecki@adams.ac.th","พัฒนาเนื้อหาอย่างมีประสิทธิภาพ"
"95","Stroman Ltd","lemke.yasmine@romaguera.ac.th","เชื่อมโยงโครงสร้างอย่างสากล"
"96","Conroy Ltd","vandervort.winfield@kuhlman.net.th","เชื่อมต่อผู้ใช้อย่างไร้รอยต่อ"
"97","Funk Ltd","harmon.becker@dooley.in.th","พัฒนาความคิดที่โปร่งใส"
"98","Greenholt Ltd","lstanton@von.net.th","ส่งเสริมผู้ใช้ที่น่าดึงดูด"
"99","Smith Ltd","tyra.bernier@torp.mi.th","เปลี่ยนความคิดพร้อมใช้งาน"
"100","Corkery Ltd","mariah40@okon.mi.th","สรรสร้างผู้ใช้อย่างไร้ที่ติ"
"101","Mayer Ltd","tristin.hodkiewicz@schumm.com","เปลี่ยนผู้ใช้สมัยใหม่"
"102","Rosenbaum Ltd","schmidt.marisa@hackett.com","เชื่อมโยงระบบที่ปรับตัวได้"
"103","Steuber Ltd","zulauf.elsa@luettgen.go.th","สรรสร้างโครงสร้างที่มีคุณค่า"
"104","Crooks Ltd","cwiegand@sauer.net.th","เปลี่ยนระบบที่น่าดึงดูด"
"105","Jacobi Ltd","ebba10@yost.ac.th","เปลี่ยนผู้ใช้24 ชั่วโมง"
"106","Wolff Ltd","bernhard.lucius@mcclure.go.th","ประสานตลาดรูปแบบใหม่"
"107","Rau Ltd","pcartwright@breitenberg.mi.th","ประสานผู้ใช้สู่ผู้บริโภค"
"108","Nolan Ltd","skozey@adams.net.th","เชื่อมต่อเทคโนโลยีสมัยใหม่"
"109","Olson Ltd","edna.fadel@cummings.com","เชื่อมต่อระบบที่มีคุณค่า"
"110","Schroeder Ltd","ashley.moore@thompson.or.th","ส่งเสริมระบบอย่างมีประสิทธิภาพ"
"111","Fisher Ltd","dudley.halvorson@kuvalis.co.th","เปลี่ยนโครงสร้างที่มีความหมาย"
"112","Rath Ltd","cschamberger@auer.in.th","เชื่อมต่อเนื้อหาที่โปร่งใส"
"113","Ankunding Ltd","norn@kerluke.th","เปลี่ยนตลาดคุณภาพสากล"
"114","Considine Ltd","stephania.buckridge@klocko.or.th","พัฒนาเทคโนโลยีที่มีความหมาย"
"115","Rath Ltd","damore.bianka@oberbrunner.ac.th","พัฒนาตลาด24 ชั่วโมง"
"116","Collins Ltd","hector.hane@leffler.ac.th","สรรสร้างอุตสาหกรรมรูปแบบใหม่"
"117","Abbott Ltd","anya.kreiger@nitzsche.mi.th","เชื่อมต่อโครงสร้างที่ปรับตัวได้"
"118","O'Connell Ltd","alivia.kihn@swaniawski.or.th","เชื่อมต่อประสบการณ์อย่างมีประสิทธิภาพ"
"119","Batz Ltd","ahuel@oconner.or.th","เปลี่ยนประสบการณ์ที่มีคุณค่า"
"120","Gaylord Ltd","uferry@homenick.mi.th","เชื่อมต่อเทคโนโลยีที่มีความหมาย"
"121","Considine Ltd","cornelius.shanahan@strosin.in.th","ประสานตลาดสมัยใหม่"
"122","Nader Ltd","lew.corwin@jakubowski.or.th","เปลี่ยนอุตสาหกรรมที่โปร่งใส"
"123","Kuhn Ltd","armstrong.robb@harris.ac.th","ประสานตลาด24 ชั่วโมง"
"124","Champlin Ltd","pprice@greenholt.mi.th","ส่งเสริมเทคโนโลยีรูปแบบใหม่"
"125","Deckow Ltd","mustafa.mcclure@ruecker.or.th","สรรสร้างประสบการณ์ที่สร้างสรรค์"
"126","Lockman Ltd","klein.reba@okon.net.th","เชื่อมต่อประสบการณ์รูปแบบใหม่"
"127","Wuckert Ltd","kabernathy@koss.co.th","ส่งเสริมความคิดที่น่าดึงดูด"
"128","Nienow Ltd","benedict99@stoltenberg.in.th","เชื่อมต่อระบบอย่างมีประสิทธิภาพ"
"129","Price Ltd","moore.rey@schowalter.com","เปลี่ยนเครือข่ายเพื่อการเปลี่ยนแปลง"
"130","Emard Ltd","zelda18@hyatt.net.th","เชื่อมโยงอุตสาหกรรมสมัยใหม่"
"131","Abernathy Ltd","durgan.alford@herzog.ac.th","พัฒนาสถาปัตยกรรมรูปแบบใหม่"
"132","Quigley Ltd","vkling@mayer.co.th","พัฒนาโครงสร้างอย่างมีประสิทธิภาพ"
"133","Hickle Ltd","rice.guiseppe@volkman.net.th","ประสานความคิดอย่างไร้ที่ติ"
"134","Kuhic Ltd","ankunding.dagmar@conn.ac.th","สรรสร้างอุตสาหกรรมที่โปร่งใส"
"135","Abbott Ltd","giles.ryan@dicki.go.th","เชื่อมต่อผู้ใช้เพื่อการเปลี่ยนแปลง"
"136","Gaylord Ltd","clementina64@beahan.net.th","เชื่อมโยงความคิดคุณภาพสากล"
"137","Kassulke Ltd","janie63@crona.th","เชื่อมต่อตลาด24 ชั่วโมง"
"138","Bogisich Ltd","nicolette.durgan@zboncak.com","ประสานระบบอย่างมีประสิทธิภาพ"
"139","Heidenreich Ltd","fgulgowski@mayer.or.th","พัฒนาความคิดอย่างมีประสิทธิภาพ"
"140","Quigley Ltd","sawayn.braxton@lind.co.th","เชื่อมโยงเครือข่ายอย่างสากล"
"141","Johns Ltd","aconroy@wintheiser.th","พัฒนาเนื้อหาพร้อมใช้งาน"
"142","Roob Ltd","catharine.predovic@bosco.net.th","พัฒนาเทคโนโลยีที่มีความหมาย"
"143","Kuhlman Ltd","edwardo84@pagac.mi.th","เปลี่ยนโครงสร้างพร้อมใช้งาน"
"144","Olson Ltd","mraz.kara@dickinson.co.th","ประสานความคิดคุณภาพสากล"
"145","Rosenbaum Ltd","bruen.curt@mccullough.net.th","พัฒนาเนื้อหาสู่ผู้บริโภค"
"146","Carroll Ltd","justine.jast@strosin.or.th","เชื่อมต่อโครงสร้างที่มีคุณค่า"
"147","Batz Ltd","cristal.okeefe@dooley.ac.th","สรรสร้างสถาปัตยกรรมอย่างไร้ที่ติ"
"148","Senger Ltd","duane.herzog@lakin.go.th","ประสานอุตสาหกรรมพร้อมใช้งาน"
"149","Kerluke Ltd","anthony.olson@lind.mi.th","ประสานโครงสร้างเพื่อการเปลี่ยนแปลง"
"150","Hamill Ltd","tillman.abigale@wuckert.or.th","เชื่อมโยงประสบการณ์24 ชั่วโมง"
"151","Connelly Ltd","dach.citlalli@pollich.go.th","ส่งเสริมสถาปัตยกรรมที่มีคุณค่า"
"152","Nienow Ltd","alene84@emmerich.mi.th","พัฒนาความคิดที่มีคุณค่า"
"153","Kovacek Ltd","arogahn@lindgren.mi.th","เชื่อมโยงผู้ใช้ที่มีคุณค่า"
"154","Kertzmann Ltd","mmarquardt@breitenberg.or.th","สรรสร้างระบบที่น่าดึงดูด"
"155","Franecki Ltd","kiley20@hane.net.th","ประสานเนื้อหาที่น่าดึงดูด"
"156","Jacobs Ltd","kenny03@mosciski.or.th","สรรสร้างโครงสร้างอย่างมีประสิทธิภาพ"
"157","Schamberger Ltd","jazmin.reichert@heller.net.th","เชื่อมต่อโครงสร้างที่สร้างสรรค์"
"158","Dietrich Ltd","pauline57@terry.net.th","ประสานประสบการณ์สมัยใหม่"
"159","Morar Ltd","dejah.klocko@christiansen.or.th","เชื่อมโยงผู้ใช้สมัยใหม่"
"160","Lesch Ltd","hahn.herta@spinka.co.th","ส่งเสริมตลาดที่โปร่งใส"
"161","Hagenes Ltd","frieda10@von.mi.th","ประสานประสบการณ์สู่ผู้บริโภค"
"162","Farrell Ltd","dave.windler@haley.ac.th","ประสานโครงสร้างรูปแบบใหม่"
"163","White Ltd","ddouglas@parisian.mi.th","เชื่อมโยงผู้ใช้ที่สร้างสรรค์"
"164","Volkman Ltd","jones.kenton@douglas.mi.th","เชื่อมโยงโครงสร้างเพื่อการเปลี่ยนแปลง"
"165","Berge Ltd","gutkowski.percy@bogisich.net.th","ประสานตลาดอย่างไร้ที่ติ"
"166","Langosh Ltd","kdavis@kertzmann.or.th","สรรสร้างอุตสาหกรรมรูปแบบใหม่"
"167","Schinner Ltd","ecasper@howe.or.th","เปลี่ยนโครงสร้างคุณภาพสากล"
"168","Schuppe Ltd","lbergstrom@heidenreich.co.th","สรรสร้างระบบอย่างไร้รอยต่อ"
"169","Williamson Ltd","laila26@kessler.co.th","พัฒนาอุตสาหกรรม24 ชั่วโมง"
"170","Hammes Ltd","mtremblay@kautzer.mi.th","พัฒนาอุตสาหกรรมอย่างมีประสิทธิภาพ"
"171","Kuhn Ltd","mrempel@rogahn.or.th","เชื่อมโยงผู้ใช้พร้อมใช้งาน"
"172","Jakubowski Ltd","wilkinson.joe@sanford.or.th","ส่งเสริมอุตสาหกรรมที่แข็งแกร่ง"
"173","West Ltd","johan.langosh@friesen.co.th","ส่งเสริมประสบการณ์ที่ปรับตัวได้"
"174","Rutherford Ltd","ibarton@corwin.go.th","เชื่อมต่อเทคโนโลยีที่โปร่งใส"
"175","Huels Ltd","jarod.gulgowski@wisoky.com","เชื่อมต่อตลาดสู่ผู้บริโภค"
"176","Smith Ltd","iherman@oconnell.ac.th","เชื่อมต่อระบบที่สร้างสรรค์"
"177","Schumm Ltd","rlesch@ledner.ac.th","เชื่อมต่อเนื้อหาเพื่อการเปลี่ยนแปลง"
"178","Mante Ltd","wilfredo.abbott@gutmann.co.th","เปลี่ยนความคิดสมัยใหม่"
"179","Hettinger Ltd","mraz.newton@mcdermott.go.th","เปลี่ยนเครือข่าย24 ชั่วโมง"
"180","Weimann Ltd","jquigley@pfeffer.ac.th","เชื่อมต่อระบบที่โปร่งใส"
"181","Ankunding Ltd","deron76@batz.ac.th","เปลี่ยนสถาปัตยกรรมที่สร้างสรรค์"
"182","Olson Ltd","mwisoky@johnson.in.th","เชื่อมต่ออุตสาหกรรมที่โปร่งใส"
"183","Cartwright Ltd","leonor.raynor@schamberger.ac.th","ประสานเครือข่ายอย่างสากล"
"184","Dare Ltd","okon.percival@schaefer.net.th","เชื่อมโยงเนื้อหาอย่างมีประสิทธิภาพ"
"185","Corwin Ltd","ejerde@okuneva.com","สรรสร้างเนื้อหาอย่างไร้รอยต่อ"
"186","Collier Ltd","funk.justine@schneider.th","เปลี่ยนประสบการณ์ที่มีความหมาย"
"187","Nicolas Ltd","schoen.dixie@anderson.th","พัฒนาตลาดที่โปร่งใส"
"188","Corwin Ltd","zoie.osinski@satterfield.mi.th","พัฒนาสถาปัตยกรรมอย่างไร้รอยต่อ"
"189","Padberg Ltd","jaeden.hammes@littel.in.th","เชื่อมโยงสถาปัตยกรรมที่สร้างสรรค์"
"190","Kris Ltd","julianne17@bartell.go.th","เปลี่ยนเนื้อหา24 ชั่วโมง"
"191","Wiza Ltd","pdickinson@gislason.mi.th","ประสานโครงสร้างสมัยใหม่"
"192","Christiansen Ltd","osmith@stamm.go.th","เปลี่ยนเทคโนโลยีสมัยใหม่"
"193","Bailey Ltd","richie.rutherford@pollich.th","ส่งเสริมโครงสร้างอย่างไร้รอยต่อ"
"194","Hickle Ltd","jennifer85@sawayn.in.th","เชื่อมโยงผู้ใช้คุณภาพสากล"
"195","Simonis Ltd","phills@hoeger.th","พัฒนาตลาดที่ปรับตัวได้"
"196","Gulgowski Ltd","aditya88@jacobs.th","ส่งเสริมระบบที่แข็งแกร่ง"
"197","Rosenbaum Ltd","king.cronin@mohr.com","สรรสร้างเทคโนโลยีที่ปรับตัวได้"
"198","Will Ltd","kraig43@yundt.mi.th","ประสานเครือข่ายสมัยใหม่"
"199","Brakus Ltd","gabrielle24@wilkinson.co.th","เชื่อมโยงผู้ใช้รูปแบบใหม่"
"200","Connelly Ltd","becker.hortense@hammes.or.th","พัฒนาตลาดที่น่าดึงดูด"
"201","Emmerich Ltd","cristopher.lynch@hettinger.net.th","เชื่อมโยงเทคโนโลยีที่มีคุณค่า"
"202","Dicki Ltd","gail36@dare.go.th","เปลี่ยนโครงสร้างอย่างไร้รอยต่อ"
"203","Reynolds Ltd","jasmin22@kiehn.th","ส่งเสริมเครือข่ายอย่างไร้ที่ติ"
"204","Ferry Ltd","barton.schneider@strosin.ac.th","ส่งเสริมอุตสาหกรรมที่สร้างสรรค์"
"205","Schulist Ltd","zkreiger@conroy.mi.th","ส่งเสริมอุตสาหกรรมที่มีคุณค่า"
"206","Cummings Ltd","emelie.ebert@eichmann.go.th","ส่งเสริมอุตสาหกรรมสู่ผู้บริโภค"
"207","Kautzer Ltd","idell.boehm@ryan.mi.th","สรรสร้างความคิดที่มีคุณค่า"
"208","Rutherford Ltd","alangosh@beier.or.th","สรรสร้างเครือข่ายอย่างสากล"
"209","Bruen Ltd","kgrady@kub.com","ส่งเสริมเครือข่ายรูปแบบใหม่"
"210","Brown Ltd","thuel@mayert.in.th","ส่งเสริมความคิดอย่างไร้รอยต่อ"
"211","Hayes Ltd","hnolan@rodriguez.th","เชื่อมโยงเทคโนโลยีรูปแบบใหม่"
"212","Batz Ltd","colleen.konopelski@kulas.ac.th","เชื่อมต่อโครงสร้างอย่างสากล"
"213","Leannon Ltd","damore.clementina@herzog.net.th","เชื่อมโยงตลาดที่มีคุณค่า"
"214","Kilback Ltd","xratke@bruen.go.th","ประสานเครือข่ายสู่ผู้บริโภค"
"215","Pouros Ltd","initzsche@grimes.co.th","เชื่อมต่อตลาด24 ชั่วโมง"
"216","Wyman Ltd","mhettinger@wolf.com","เชื่อมต่อความคิดอย่างไร้รอยต่อ"
"217","Hill Ltd","brandon.hansen@cormier.go.th","สรรสร้างสถาปัตยกรรมอย่างมีประสิทธิภาพ"
"218","Schulist Ltd","roberts.pattie@gaylord.go.th","สรรสร้างเนื้อหาที่น่าดึงดูด"
"219","Kreiger Ltd","lyric.wolff@thiel.go.th","เชื่อมต่อเนื้อหาคุณภาพสากล"
"220","Pfannerstill Ltd","shanna71@hirthe.mi.th","พัฒนาเนื้อหาที่มีความหมาย"
"221","Thiel Ltd","heller.ellie@paucek.com","เปลี่ยนความคิด24 ชั่วโมง"
"222","Harber Ltd","leonel31@gulgowski.co.th","ส่งเสริมประสบการณ์ที่ปรับตัวได้"
"223","Fay Ltd","cartwright.noelia@pfeffer.co.th","เปลี่ยนเทคโนโลยีที่สร้างสรรค์"
"224","Conroy Ltd","leopoldo.keebler@little.or.th","เชื่อมโยงตลาดอย่างไร้ที่ติ"
"225","Konopelski Ltd","schultz.cathryn@mayer.in.th","เชื่อมโยงตลาดสู่ผู้บริโภค"
"226","Kuhn Ltd","boyle.elva@weber.go.th","พัฒนาโครงสร้างที่น่าดึงดูด"
"227","King Ltd","kertzmann.lilyan@green.th","เชื่อมโยงเครือข่ายอย่างไร้รอยต่อ"
"228","Toy Ltd","legros.berry@bailey.or.th","เชื่อมต่อเนื้อหาที่แข็งแกร่ง"
"229","Bergnaum Ltd","diamond.kozey@reynolds.in.th","พัฒนาความคิดรูปแบบใหม่"
"230","Koelpin Ltd","theodora.lesch@mccullough.mi.th","เชื่อมโยงสถาปัตยกรรมที่สร้างสรรค์"
"231","Gusikowski Ltd","layne25@greenfelder.mi.th","พัฒนาประสบการณ์ที่ปรับตัวได้"
"232","Nienow Ltd","leonard66@ziemann.co.th","ประสานผู้ใช้ที่โปร่งใส"
"233","Strosin Ltd","mikayla.west@kuhic.in.th","สรรสร้างเนื้อหาอย่างมีประสิทธิภาพ"
"234","Wisozk Ltd","kessler.doris@cummings.go.th","ส่งเสริมเทคโนโลยีที่มีความหมาย"
"235","Breitenberg Ltd","wisoky.josh@zboncak.co.th","เชื่อมต่อเครือข่ายพร้อมใช้งาน"
"236","Lindgren Ltd","parisian.elmore@kris.th","เชื่อมโยงโครงสร้างอย่างมีประสิทธิภาพ"
"237","Huels Ltd","marcus.hagenes@nienow.go.th","เชื่อมโยงความคิดที่มีคุณค่า"
"238","Wehner Ltd","leilani.morar@haag.in.th","เชื่อมโยงความคิดที่มีความหมาย"
"239","Barrows Ltd","otremblay@mante.net.th","เชื่อมโยงความคิดที่โปร่งใส"
"240","Schoen Ltd","tgrimes@feeney.ac.th","เชื่อมต่อความคิดที่มีความหมาย"
"241","Rogahn Ltd","elijah65@schmeler.net.th","เชื่อมโยงตลาดที่มีคุณค่า"
"242","Kassulke Ltd","jaquan.blick@beer.ac.th","ส่งเสริมโครงสร้างที่สร้างสรรค์"
"243","Littel Ltd","tbauch@marks.net.th","สรรสร้างเนื้อหาสมัยใหม่"
"244","Corwin Ltd","lane.smith@zulauf.co.th","พัฒนาตลาดที่น่าดึงดูด"
"245","Thiel Ltd","ismael.casper@kassulke.mi.th","เปลี่ยนเครือข่ายพร้อมใช้งาน"
"246","Schiller Ltd","clowe@turcotte.ac.th","ส่งเสริมระบบที่ปรับตัวได้"
"247","Harris Ltd","mhagenes@hudson.or.th","พัฒนาประสบการณ์อย่างสากล"
"248","Lubowitz Ltd","jeremy18@hessel.or.th","เปลี่ยนอุตสาหกรรม24 ชั่วโมง"
"249","Mayert Ltd","rdickens@larson.in.th","เชื่อมโยงอุตสาหกรรมที่มีคุณค่า"
"250","Rosenbaum Ltd","okeefe.marilie@parisian.or.th","พัฒนาตลาดที่โปร่งใส"
"251","Collins Ltd","zaria.hammes@schowalter.co.th","ประสานสถาปัตยกรรมที่แข็งแกร่ง"
"252","Quigley Ltd","alysson75@vonrueden.co.th","ส่งเสริมผู้ใช้ที่น่าดึงดูด"
"253","Franecki Ltd","xglover@heaney.com","ส่งเสริมความคิดอย่างไร้ที่ติ"
"254","Labadie Ltd","pboehm@koelpin.go.th","สรรสร้างตลาดอย่างมีประสิทธิภาพ"
"255","Considine Ltd","etha76@hoeger.in.th","เชื่อมต่อเครือข่ายอย่างมีประสิทธิภาพ"
"256","Kihn Ltd","mertz.gabrielle@ullrich.net.th","ส่งเสริมตลาด24 ชั่วโมง"
"257","Terry Ltd","berenice50@oreilly.com","เชื่อมโยงเครือข่ายอย่างไร้รอยต่อ"
"258","Ernser Ltd","fabshire@ankunding.th","ส่งเสริมความคิดที่สร้างสรรค์"
"259","Hackett Ltd","antonia33@miller.com","ประสานประสบการณ์ที่สร้างสรรค์"
"260","Swaniawski Ltd","keely.kunze@jaskolski.mi.th","เชื่อมโยงเครือข่ายสู่ผู้บริโภค"
"261","Lueilwitz Ltd","vpfeffer@terry.net.th","ประสานโครงสร้างรูปแบบใหม่"
"262","Cronin Ltd","chris41@bartoletti.ac.th","ประสานประสบการณ์เพื่อการเปลี่ยนแปลง"
"263","Nikolaus Ltd","mossie.ohara@bartell.mi.th","เชื่อมต่อผู้ใช้คุณภาพสากล"
"264","Pfannerstill Ltd","tcasper@stark.th","พัฒนาเทคโนโลยีอย่างไร้ที่ติ"
"265","Emard Ltd","brendon.cremin@douglas.in.th","เชื่อมต่อโครงสร้างอย่างไร้ที่ติ"
"266","Fadel Ltd","frankie75@rosenbaum.go.th","ส่งเสริมผู้ใช้ที่แข็งแกร่ง"
"267","Wyman Ltd","msmith@satterfield.go.th","สรรสร้างสถาปัตยกรรมอย่างมีประสิทธิภาพ"
"268","Sanford Ltd","alphonso.lesch@aufderhar.com","เชื่อมโยงระบบที่มีความหมาย"
"269","Walter Ltd","dalton.parisian@price.or.th","เชื่อมโยงผู้ใช้ที่น่าดึงดูด"
"270","Moore Ltd","walsh.chet@haag.co.th","เชื่อมโยงสถาปัตยกรรมที่น่าดึงดูด"
"271","Nader Ltd","johnny.white@goldner.go.th","เชื่อมโยงความคิดอย่างไร้รอยต่อ"
"272","Reichel Ltd","simone.padberg@kunde.th","พัฒนาระบบที่น่าดึงดูด"
"273","Kuhlman Ltd","ookuneva@heidenreich.th","เปลี่ยนเนื้อหาอย่างไร้ที่ติ"
"274","Boehm Ltd","kasey54@fritsch.in.th","ประสานผู้ใช้เพื่อการเปลี่ยนแปลง"
"275","Bailey Ltd","gerlach.ashtyn@brown.in.th","สรรสร้างประสบการณ์สมัยใหม่"
"276","Legros Ltd","omclaughlin@okon.com","สรรสร้างประสบการณ์สู่ผู้บริโภค"
"277","Batz Ltd","camryn16@mueller.in.th","เชื่อมต่ออุตสาหกรรมอย่างไร้รอยต่อ"
"278","Schmeler Ltd","qlangworth@kuvalis.com","เชื่อมโยงระบบที่มีความหมาย"
"279","Kutch Ltd","donnell.pfeffer@kris.net.th","สรรสร้างโครงสร้างพร้อมใช้งาน"
"280","Torp Ltd","quigley.rita@mosciski.go.th","พัฒนาผู้ใช้รูปแบบใหม่"
"281","Quigley Ltd","hand.rosalia@marks.co.th","เปลี่ยนเทคโนโลยีที่น่าดึงดูด"
"282","Kris Ltd","tremayne27@lebsack.or.th","เชื่อมต่อโครงสร้างสมัยใหม่"
"283","Baumbach Ltd","cbuckridge@rowe.ac.th","ประสานเนื้อหาที่น่าดึงดูด"
"284","Shields Ltd","eunice.zboncak@hilpert.mi.th","พัฒนาเทคโนโลยีสมัยใหม่"
"285","Hirthe Ltd","candido.dickens@crona.go.th","ส่งเสริมประสบการณ์อย่างไร้ที่ติ"
"286","Johns Ltd","kade57@mitchell.com","ประสานอุตสาหกรรมที่แข็งแกร่ง"
"287","Leannon Ltd","zoila.barton@sawayn.ac.th","พัฒนาสถาปัตยกรรมที่แข็งแกร่ง"
"288","Stroman Ltd","lilly84@huel.co.th","สรรสร้างความคิดอย่างไร้รอยต่อ"
"289","Jerde Ltd","enolan@rau.com","เชื่อมโยงโครงสร้างสู่ผู้บริโภค"
"290","Mayer Ltd","leda80@oconner.com","สรรสร้างเทคโนโลยีที่น่าดึงดูด"
"291","Hackett Ltd","martin.krajcik@schinner.mi.th","เชื่อมโยงเทคโนโลยีที่มีคุณค่า"
"292","Rowe Ltd","witting.wilber@cassin.co.th","สรรสร้างเนื้อหาสู่ผู้บริโภค"
"293","Quigley Ltd","hills.ima@glover.or.th","สรรสร้างเทคโนโลยีที่แข็งแกร่ง"
"294","Quigley Ltd","hilpert.beryl@renner.com","เชื่อมโยงระบบสู่ผู้บริโภค"
"295","Reinger Ltd","alessandra94@aufderhar.in.th","ส่งเสริมประสบการณ์ที่โปร่งใส"
"296","Rohan Ltd","stanton.jazmyne@ryan.ac.th","เชื่อมต่ออุตสาหกรรมเพื่อการเปลี่ยนแปลง"
"297","Gutkowski Ltd","thad.boyer@fay.mi.th","พัฒนาประสบการณ์24 ชั่วโมง"
"298","Jaskolski Ltd","breitenberg.elouise@kohler.com","สรรสร้างเทคโนโลยีสู่ผู้บริโภค"
"299","Jacobson Ltd","ofelia.medhurst@mckenzie.ac.th","ส่งเสริมความคิดที่ปรับตัวได้"
"300","Wisoky Ltd","zgutmann@bechtelar.ac.th","ส่งเสริมสถาปัตยกรรม24 ชั่วโมง"
"301","Douglas Ltd","rashad84@smitham.net.th","เปลี่ยนสถาปัตยกรรมที่น่าดึงดูด"
"302","Runolfsson Ltd","rosemarie85@nader.mi.th","สรรสร้างเครือข่ายที่น่าดึงดูด"
"303","Marks Ltd","lenore.jast@hoppe.in.th","พัฒนาผู้ใช้สมัยใหม่"
"304","Runte Ltd","stan30@beahan.in.th","เชื่อมต่อระบบที่มีคุณค่า"
"305","Roob Ltd","fcormier@quigley.or.th","สรรสร้างประสบการณ์รูปแบบใหม่"
"306","Lang Ltd","vicky32@fadel.net.th","ส่งเสริมอุตสาหกรรมที่ปรับตัวได้"
"307","Lehner Ltd","tatum42@homenick.or.th","ส่งเสริมระบบที่มีคุณค่า"
"308","Nitzsche Ltd","lswaniawski@schulist.mi.th","เชื่อมต่อประสบการณ์พร้อมใช้งาน"
"309","Dickinson Ltd","tyrique.stanton@olson.th","เชื่อมต่อตลาดที่สร้างสรรค์"
"310","Mann Ltd","wyman.bella@kautzer.co.th","เชื่อมต่อประสบการณ์ที่มีความหมาย"
"311","Crist Ltd","nitzsche.burdette@hessel.in.th","เชื่อมต่อสถาปัตยกรรมที่แข็งแกร่ง"
"312","Leffler Ltd","vskiles@davis.or.th","เปลี่ยนเนื้อหาที่โปร่งใส"
"313","Grimes Ltd","waldo23@becker.ac.th","พัฒนาอุตสาหกรรมที่มีคุณค่า"
"314","Romaguera Ltd","mae30@koss.net.th","ส่งเสริมความคิดที่ปรับตัวได้"
"315","Stroman Ltd","ecartwright@brown.net.th","พัฒนาเทคโนโลยีอย่างมีประสิทธิภาพ"
"316","Quigley Ltd","flarkin@hintz.net.th","ประสานตลาดที่สร้างสรรค์"
"317","Upton Ltd","carlotta.kshlerin@stroman.ac.th","ประสานระบบที่มีคุณค่า"
"318","Gibson Ltd","schuster.nakia@conroy.ac.th","สรรสร้างเนื้อหาอย่างมีประสิทธิภาพ"
"319","Bode Ltd","pbogisich@purdy.mi.th","เชื่อมต่อโครงสร้างเพื่อการเปลี่ยนแปลง"
"320","Purdy Ltd","collier.talon@gusikowski.mi.th","ส่งเสริมผู้ใช้สมัยใหม่"
"321","Marquardt Ltd","dhoppe@crist.in.th","ส่งเสริมความคิดอย่างมีประสิทธิภาพ"
"322","Bernier Ltd","xsporer@hansen.go.th","เชื่อมโยงเนื้อหาคุณภาพสากล"
"323","Auer Ltd","qwilderman@crona.co.th","พัฒนาโครงสร้างที่แข็งแกร่ง"
"324","Ryan Ltd","kassulke.janiya@dicki.in.th","ส่งเสริมตลาดที่มีความหมาย"
"325","Turner Ltd","hessel.crawford@lebsack.co.th","ส่งเสริมระบบอย่างไร้ที่ติ"
"326","Huel Ltd","qbalistreri@johnson.mi.th","เชื่อมต่อความคิดที่สร้างสรรค์"
"327","Blanda Ltd","stoltenberg.mohamed@abernathy.go.th","สรรสร้างอุตสาหกรรมรูปแบบใหม่"
"328","Bogan Ltd","jude41@wunsch.mi.th","พัฒนาระบบสู่ผู้บริโภค"
"329","Stanton Ltd","terry.cyril@quitzon.ac.th","ประสานเนื้อหารูปแบบใหม่"
"330","Runte Ltd","abigail20@heaney.go.th","เปลี่ยนตลาดที่โปร่งใส"
"331","Swaniawski Ltd","schinner.jordi@schmeler.or.th","เชื่อมต่ออุตสาหกรรมสู่ผู้บริโภค"
"332","Bartoletti Ltd","ivory73@torp.mi.th","เปลี่ยนโครงสร้างพร้อมใช้งาน"
"333","Boyle Ltd","nyah15@medhurst.go.th","สรรสร้างผู้ใช้เพื่อการเปลี่ยนแปลง"
"334","Grant Ltd","terry.lenna@jenkins.or.th","พัฒนาอุตสาหกรรมที่มีคุณค่า"
"335","Bosco Ltd","garfield.ledner@gutmann.net.th","เชื่อมต่อโครงสร้าง24 ชั่วโมง"
"336","Cormier Ltd","schuppe.micah@oberbrunner.co.th","เชื่อมต่อระบบที่สร้างสรรค์"
"337","Blick Ltd","delta.larson@turcotte.go.th","เชื่อมต่อตลาดคุณภาพสากล"
"338","Kessler Ltd","ajohns@romaguera.th","สรรสร้างผู้ใช้อย่างสากล"
"339","Dach Ltd","lueilwitz.luna@gleichner.ac.th","เชื่อมต่อประสบการณ์ที่ปรับตัวได้"
"340","Bergnaum Ltd","stanton.cristobal@stokes.mi.th","ประสานสถาปัตยกรรมที่สร้างสรรค์"
"341","West Ltd","afunk@kling.in.th","เชื่อมต่ออุตสาหกรรมที่มีความหมาย"
"342","Schaden Ltd","lkuhic@cruickshank.net.th","เชื่อมต่อตลาดที่มีความหมาย"
"343","Gerlach Ltd","fatima.veum@feeney.th","ส่งเสริมอุตสาหกรรมที่มีความหมาย"
"344","Jacobson Ltd","sbosco@hackett.co.th","เชื่อมต่อตลาดอย่างมีประสิทธิภาพ"
"345","Reinger Ltd","iwillms@medhurst.mi.th","เชื่อมต่ออุตสาหกรรมที่โปร่งใส"
"346","Fritsch Ltd","deon52@goldner.or.th","เปลี่ยนเครือข่ายสมัยใหม่"
"347","Kulas Ltd","ustokes@heaney.go.th","สรรสร้างอุตสาหกรรมที่มีความหมาย"
"348","Nader Ltd","letitia22@goodwin.go.th","สรรสร้างอุตสาหกรรมคุณภาพสากล"
"349","Murphy Ltd","colleen89@ernser.com","ประสานเนื้อหาอย่างสากล"
"350","Johnston Ltd","macejkovic.heaven@bergnaum.co.th","เชื่อมโยงอุตสาหกรรมอย่างสากล"
"351","Bernier Ltd","pattie.hermann@hermiston.in.th","สรรสร้างผู้ใช้24 ชั่วโมง"
"352","Hahn Ltd","pedro.bernhard@waters.ac.th","ส่งเสริมผู้ใช้ที่โปร่งใส"
"353","Stiedemann Ltd","joey76@effertz.co.th","เปลี่ยนโครงสร้างที่มีคุณค่า"
"354","Pouros Ltd","noel.von@johnson.in.th","ส่งเสริมตลาดคุณภาพสากล"
"355","Braun Ltd","elisa42@block.th","เชื่อมต่อเนื้อหาที่มีความหมาย"
"356","Casper Ltd","furman43@mayert.ac.th","ส่งเสริมตลาดที่แข็งแกร่ง"
"357","Hudson Ltd","champlin.myrtis@streich.net.th","เชื่อมโยงอุตสาหกรรมที่มีคุณค่า"
"358","Torphy Ltd","baumbach.keshaun@ryan.in.th","เปลี่ยนตลาดที่มีความหมาย"
"359","Torp Ltd","okon.kieran@donnelly.mi.th","เปลี่ยนเนื้อหาสมัยใหม่"
"360","Kunze Ltd","jermey.grimes@spencer.com","ประสานอุตสาหกรรมเพื่อการเปลี่ยนแปลง"
"361","Torphy Ltd","considine.dandre@batz.in.th","ส่งเสริมตลาดอย่างมีประสิทธิภาพ"
"362","Dietrich Ltd","mitchell.gregg@smith.net.th","ประสานประสบการณ์อย่างไร้รอยต่อ"
"363","Thompson Ltd","kzulauf@von.or.th","ส่งเสริมเทคโนโลยีอย่างไร้ที่ติ"
"364","Predovic Ltd","annalise.adams@veum.go.th","ส่งเสริมผู้ใช้ที่แข็งแกร่ง"
"365","Labadie Ltd","bogan.sanford@stokes.mi.th","พัฒนาเนื้อหาที่สร้างสรรค์"
"366","Veum Ltd","rozella79@schmitt.mi.th","เชื่อมโยงเครือข่ายอย่างสากล"
"367","Boehm Ltd","ukshlerin@brakus.com","เชื่อมโยงตลาดอย่างไร้รอยต่อ"
"368","Hessel Ltd","avery15@nicolas.or.th","สรรสร้างระบบอย่างไร้รอยต่อ"
"369","Hermiston Ltd","ybeer@ritchie.net.th","พัฒนาประสบการณ์อย่างสากล"
"370","Ritchie Ltd","filiberto.fahey@kovacek.mi.th","เชื่อมต่อตลาด24 ชั่วโมง"
"371","Konopelski Ltd","dolores49@osinski.th","พัฒนาประสบการณ์อย่างมีประสิทธิภาพ"
"372","Koss Ltd","sdavis@boehm.ac.th","ส่งเสริมความคิดอย่างไร้ที่ติ"
"373","Funk Ltd","kattie.yundt@wyman.in.th","ประสานความคิดพร้อมใช้งาน"
"374","Hahn Ltd","maureen71@hickle.mi.th","พัฒนาความคิดพร้อมใช้งาน"
"375","Olson Ltd","stokes.liana@streich.mi.th","ประสานประสบการณ์ที่โปร่งใส"
"376","Emmerich Ltd","okuneva.tatyana@fadel.mi.th","เปลี่ยนโครงสร้างที่สร้างสรรค์"
"377","Wiza Ltd","issac.bosco@bernhard.th","สรรสร้างเนื้อหาอย่างสากล"
"378","Gottlieb Ltd","amy84@sipes.go.th","พัฒนาอุตสาหกรรมอย่างไร้ที่ติ"
"379","Haag Ltd","veum.blaze@will.or.th","ประสานเทคโนโลยีที่ปรับตัวได้"
"380","Rice Ltd","jakob21@gerhold.or.th","พัฒนาเครือข่ายอย่างสากล"
"381","Erdman Ltd","bklein@bauch.th","พัฒนาประสบการณ์พร้อมใช้งาน"
"382","Gerhold Ltd","klocko.johanna@hudson.ac.th","สรรสร้างตลาดที่แข็งแกร่ง"
"383","Quitzon Ltd","cmetz@schiller.com","ส่งเสริมตลาดอย่างมีประสิทธิภาพ"
"384","Rippin Ltd","sziemann@crist.in.th","สรรสร้างตลาดอย่างสากล"
"385","Weissnat Ltd","plowe@wolf.mi.th","ประสานระบบที่มีคุณค่า"
"386","Kuphal Ltd","larue.schmitt@nikolaus.ac.th","สรรสร้างเนื้อหาที่มีความหมาย"
"387","Wilderman Ltd","qhudson@green.go.th","สรรสร้างสถาปัตยกรรมที่แข็งแกร่ง"
"388","Kuhn Ltd","feeney.theresa@balistreri.th","พัฒนาประสบการณ์สู่ผู้บริโภค"
"389","Green Ltd","joanny12@boyer.th","สรรสร้างเทคโนโลยีที่โปร่งใส"
"390","Tremblay Ltd","leda59@wolff.th","สรรสร้างประสบการณ์ที่มีความหมาย"
"391","Cronin Ltd","marianna52@balistreri.mi.th","ส่งเสริมผู้ใช้อย่างสากล"
"392","Wolff Ltd","cornelius05@spinka.com","เปลี่ยนสถาปัตยกรรมสู่ผู้บริโภค"
"393","Kuphal Ltd","clovis.bruen@walsh.ac.th","เปลี่ยนเทคโนโลยีสมัยใหม่"
"394","Gerlach Ltd","verlie.wilderman@kreiger.or.th","เชื่อมต่ออุตสาหกรรมสมัยใหม่"
"395","Schiller Ltd","scotty84@conroy.in.th","เชื่อมโยงความคิดที่สร้างสรรค์"
"396","Ortiz Ltd","doris.quigley@mosciski.co.th","เชื่อมต่อเครือข่ายที่แข็งแกร่ง"
"397","Abshire Ltd","kenyon.von@schamberger.mi.th","พัฒนาสถาปัตยกรรมรูปแบบใหม่"
"398","Swift Ltd","frieda38@connelly.net.th","สรรสร้างความคิดที่ปรับตัวได้"
"399","Hirthe Ltd","denesik.terrell@lockman.or.th","เชื่อมต่อเทคโนโลยี24 ชั่วโมง"
"400","Emmerich Ltd","pmurray@kerluke.mi.th","เปลี่ยนโครงสร้างที่มีความหมาย"
"401","Mayer Ltd","lvonrueden@hagenes.th","เปลี่ยนตลาดรูปแบบใหม่"
"402","Toy Ltd","mcglynn.fidel@mayer.mi.th","เชื่อมต่อเนื้อหาที่แข็งแกร่ง"
"403","Gleichner Ltd","wkautzer@upton.mi.th","ประสานสถาปัตยกรรมอย่างสากล"
"404","Reynolds Ltd","alda19@stracke.th","ส่งเสริมระบบพร้อมใช้งาน"
"405","Schinner Ltd","shaylee68@dare.th","ส่งเสริมตลาดที่โปร่งใส"
"406","Howe Ltd","brendan26@okon.or.th","ประสานสถาปัตยกรรมที่น่าดึงดูด"
"407","Legros Ltd","sanford.amely@barrows.co.th","ส่งเสริมตลาดอย่างมีประสิทธิภาพ"
"408","Gutmann Ltd","julio.kreiger@hand.in.th","เชื่อมต่อตลาดอย่างไร้ที่ติ"
"409","Gerhold Ltd","debert@wiegand.in.th","เชื่อมต่อระบบที่มีความหมาย"
"410","Skiles Ltd","anderson99@dubuque.net.th","ประสานตลาดเพื่อการเปลี่ยนแปลง"
"411","Gottlieb Ltd","talia11@reynolds.net.th","ส่งเสริมระบบที่น่าดึงดูด"
"412","Spinka Ltd","keanu.ebert@murazik.or.th","ประสานประสบการณ์สมัยใหม่"
"413","Renner Ltd","rogelio.hermann@keeling.in.th","สรรสร้างสถาปัตยกรรมที่ปรับตัวได้"
"414","Kulas Ltd","ima61@olson.co.th","สรรสร้างประสบการณ์คุณภาพสากล"
"415","McDermott Ltd","isaias.fadel@olson.co.th","เชื่อมโยงเนื้อหาพร้อมใช้งาน"
"416","Von Ltd","qondricka@bosco.in.th","สรรสร้างตลาดที่มีคุณค่า"
"417","Lindgren Ltd","swillms@monahan.ac.th","สรรสร้างเนื้อหาที่น่าดึงดูด"
"418","Bernhard Ltd","seth94@marquardt.in.th","ส่งเสริมระบบอย่างมีประสิทธิภาพ"
"419","Kemmer Ltd","willa81@streich.mi.th","เชื่อมโยงระบบที่มีความหมาย"
"420","Lebsack Ltd","issac.torp@lakin.in.th","ส่งเสริมผู้ใช้ที่แข็งแกร่ง"
"421","Ullrich Ltd","swaelchi@muller.net.th","สรรสร้างประสบการณ์อย่างมีประสิทธิภาพ"
"422","Gerhold Ltd","deanna.hickle@casper.ac.th","เชื่อมโยงความคิดพร้อมใช้งาน"
"423","Kozey Ltd","beier.gage@ziemann.mi.th","เปลี่ยนระบบอย่างไร้รอยต่อ"
"424","Beatty Ltd","padberg.alba@rogahn.go.th","ประสานตลาดรูปแบบใหม่"
"425","Baumbach Ltd","emedhurst@smitham.net.th","สรรสร้างสถาปัตยกรรมที่แข็งแกร่ง"
"426","Gottlieb Ltd","angeline.rolfson@rice.go.th","ประสานเทคโนโลยีอย่างไร้ที่ติ"
"427","Mayert Ltd","raymundo.wisoky@goodwin.com","พัฒนาตลาดสู่ผู้บริโภค"
"428","Stanton Ltd","little.raul@wiza.net.th","สรรสร้างสถาปัตยกรรมที่โปร่งใส"
"429","Nader Ltd","bbaumbach@dicki.mi.th","เปลี่ยนประสบการณ์รูปแบบใหม่"
"430","Morissette Ltd","mills.serenity@hoppe.com","สรรสร้างเทคโนโลยีคุณภาพสากล"
"431","Jacobs Ltd","chance.cassin@parker.go.th","พัฒนาตลาดสู่ผู้บริโภค"
"432","Stoltenberg Ltd","lubowitz.lela@cassin.in.th","พัฒนาอุตสาหกรรมอย่างมีประสิทธิภาพ"
"433","Rolfson Ltd","hickle.jazmyn@simonis.or.th","ส่งเสริมสถาปัตยกรรมอย่างไร้รอยต่อ"
"434","Bradtke Ltd","gusikowski.cierra@pacocha.th","สรรสร้างโครงสร้างที่แข็งแกร่ง"
"435","Rohan Ltd","rodriguez.jaydon@smitham.net.th","เปลี่ยนสถาปัตยกรรมที่โปร่งใส"
"436","Marquardt Ltd","aconroy@adams.th","สรรสร้างเนื้อหาอย่างไร้ที่ติ"
"437","Turner Ltd","wiza.buck@hodkiewicz.net.th","เชื่อมโยงเนื้อหาที่มีความหมาย"
"438","Deckow Ltd","xzavier.kunze@skiles.net.th","สรรสร้างประสบการณ์อย่างมีประสิทธิภาพ"
"439","Botsford Ltd","weimann.price@kovacek.mi.th","ประสานระบบที่มีคุณค่า"
"440","Emmerich Ltd","annalise.bartoletti@volkman.go.th","สรรสร้างความคิดที่โปร่งใส"
"441","Trantow Ltd","berge.gabe@jaskolski.ac.th","เชื่อมต่อตลาดรูปแบบใหม่"
"442","Marks Ltd","valentina13@veum.co.th","ประสานสถาปัตยกรรมสู่ผู้บริโภค"
"443","Predovic Ltd","domenico.howe@reynolds.ac.th","ประสานเทคโนโลยีอย่างไร้ที่ติ"
"444","Harris Ltd","dbahringer@kuphal.in.th","ส่งเสริมระบบ24 ชั่วโมง"
"445","Stanton Ltd","minnie49@spinka.mi.th","พัฒนาเนื้อหาอย่างไร้รอยต่อ"
"446","Brakus Ltd","dietrich.cassidy@mccullough.ac.th","เปลี่ยนเนื้อหาเพื่อการเปลี่ยนแปลง"
"447","Lubowitz Ltd","glenna47@block.or.th","เปลี่ยนประสบการณ์ที่มีคุณค่า"
"448","Ebert Ltd","oran.leannon@blick.go.th","สรรสร้างระบบที่มีความหมาย"
"449","Stokes Ltd","eliseo.rau@bechtelar.co.th","พัฒนาตลาดสมัยใหม่"
"450","Goyette Ltd","okeefe.coralie@hill.ac.th","พัฒนาผู้ใช้พร้อมใช้งาน"
"451","Emard Ltd","mcdermott.hyman@larkin.mi.th","เชื่อมโยงผู้ใช้ที่มีคุณค่า"
"452","O'Keefe Ltd","maurine.torphy@stamm.mi.th","เปลี่ยนระบบ24 ชั่วโมง"
"453","Beahan Ltd","elton18@wyman.net.th","สรรสร้างผู้ใช้เพื่อการเปลี่ยนแปลง"
"454","Baumbach Ltd","kaylie75@haley.co.th","พัฒนาอุตสาหกรรมที่แข็งแกร่ง"
"455","Hills Ltd","ashley91@bashirian.mi.th","พัฒนาผู้ใช้คุณภาพสากล"
"456","Pfeffer Ltd","kroob@gusikowski.or.th","ประสานเทคโนโลยีรูปแบบใหม่"
"457","Langosh Ltd","qboyer@heller.go.th","เปลี่ยนสถาปัตยกรรมที่มีความหมาย"
"458","West Ltd","greyson28@moen.th","พัฒนาเทคโนโลยีพร้อมใช้งาน"
"459","Schaefer Ltd","emmalee.prohaska@osinski.th","เปลี่ยนอุตสาหกรรมรูปแบบใหม่"
"460","Crist Ltd","wiegand.lelia@bins.com","เชื่อมโยงสถาปัตยกรรมที่แข็งแกร่ง"
"461","Murazik Ltd","ramona54@lang.net.th","ส่งเสริมผู้ใช้ที่น่าดึงดูด"
"462","Mohr Ltd","vernice11@quigley.in.th","สรรสร้างผู้ใช้อย่างสากล"
"463","Bernhard Ltd","dewayne.goyette@tillman.mi.th","พัฒนาความคิดรูปแบบใหม่"
"464","Lemke Ltd","bradley.mills@heathcote.th","ประสานผู้ใช้ที่โปร่งใส"
"465","Beier Ltd","astrid.baumbach@bartoletti.or.th","สรรสร้างความคิดพร้อมใช้งาน"
"466","Abbott Ltd","lhansen@fisher.ac.th","พัฒนาความคิดที่สร้างสรรค์"
"467","Shields Ltd","sally.murphy@ohara.mi.th","ส่งเสริมโครงสร้างที่น่าดึงดูด"
"468","Stehr Ltd","cmccullough@bartell.ac.th","เปลี่ยนตลาดที่โปร่งใส"
"469","Wiegand Ltd","ghansen@ernser.or.th","เปลี่ยนเนื้อหาที่มีคุณค่า"
"470","Homenick Ltd","leann.abshire@blick.th","เปลี่ยนเนื้อหา24 ชั่วโมง"
"471","White Ltd","letha.tromp@jaskolski.ac.th","เปลี่ยนประสบการณ์อย่างสากล"
"472","Gerlach Ltd","braxton46@koepp.or.th","เปลี่ยนสถาปัตยกรรมที่แข็งแกร่ง"
"473","Powlowski Ltd","bhuels@bernhard.or.th","เชื่อมโยงเทคโนโลยีที่สร้างสรรค์"
"474","Larkin Ltd","gerlach.yoshiko@stark.net.th","เชื่อมโยงเนื้อหาที่สร้างสรรค์"
"475","Gleason Ltd","will.zander@klein.net.th","เชื่อมต่อเนื้อหาที่แข็งแกร่ง"
"476","Bogan Ltd","dooley.shaina@batz.th","เชื่อมต่อเทคโนโลยีที่มีความหมาย"
"477","Cummings Ltd","payton76@heaney.go.th","พัฒนาเครือข่ายอย่างสากล"
"478","Rogahn Ltd","dwight.turcotte@heidenreich.in.th","สรรสร้างความคิดที่ปรับตัวได้"
"479","Klocko Ltd","okeefe.darius@armstrong.ac.th","ประสานประสบการณ์เพื่อการเปลี่ยนแปลง"
"480","Stamm Ltd","tobin64@gorczany.go.th","เปลี่ยนประสบการณ์ที่มีคุณค่า"
"481","Wisozk Ltd","donny.metz@vonrueden.com","ประสานเครือข่ายอย่างไร้ที่ติ"
"482","Zulauf Ltd","jordy25@leannon.in.th","เปลี่ยนโครงสร้างสู่ผู้บริโภค"
"483","Thiel Ltd","koepp.cara@cruickshank.in.th","ส่งเสริมตลาดที่ปรับตัวได้"
"484","Barrows Ltd","eryn.miller@hoppe.go.th","ประสานตลาดที่มีคุณค่า"
"485","Bahringer Ltd","barrett85@lang.com","ส่งเสริมความคิดที่สร้างสรรค์"
"486","Rice Ltd","karl69@turcotte.go.th","เชื่อมโยงเทคโนโลยีรูปแบบใหม่"
"487","Roob Ltd","kzboncak@swift.go.th","เชื่อมต่อโครงสร้างที่สร้างสรรค์"
"488","Howe Ltd","keara.aufderhar@schuster.co.th","สรรสร้างเทคโนโลยีอย่างมีประสิทธิภาพ"
"489","Wolf Ltd","beier.joyce@buckridge.mi.th","พัฒนาตลาดที่โปร่งใส"
"490","Rohan Ltd","mbrown@haag.go.th","เปลี่ยนเครือข่ายที่น่าดึงดูด"
"491","Leffler Ltd","mattie.orn@kilback.or.th","เชื่อมต่อสถาปัตยกรรมสู่ผู้บริโภค"
"492","Bradtke Ltd","rose05@veum.ac.th","ส่งเสริมโครงสร้างรูปแบบใหม่"
"493","Davis Ltd","cleta.douglas@hodkiewicz.ac.th","ส่งเสริมสถาปัตยกรรมสู่ผู้บริโภค"
"494","Towne Ltd","ukiehn@champlin.co.th","ประสานเครือข่ายสู่ผู้บริโภค"
"495","Feest Ltd","valentina31@langosh.net.th","พัฒนาตลาดรูปแบบใหม่"
"496","Cremin Ltd","runolfsson.halie@douglas.go.th","ส่งเสริมเทคโนโลยีอย่างมีประสิทธิภาพ"
"497","Lakin Ltd","ycartwright@leffler.ac.th","พัฒนาเนื้อหาที่แข็งแกร่ง"
"498","D'Amore Ltd","clair.deckow@graham.th","ส่งเสริมประสบการณ์รูปแบบใหม่"
"499","Armstrong Ltd","trystan96@larkin.go.th","เชื่อมโยงผู้ใช้อย่างมีประสิทธิภาพ"
"500","Fadel Ltd","virgil.schoen@lindgren.net.th","ประสานระบบสู่ผู้บริโภค"
"501","Murray Ltd","champlin.mikel@zulauf.mi.th","เชื่อมโยงสถาปัตยกรรมอย่างสากล"
"502","Stark Ltd","beth41@stamm.com","เปลี่ยนอุตสาหกรรมที่มีความหมาย"
"503","Kreiger Ltd","cordelia51@tromp.or.th","เชื่อมต่อเครือข่ายที่สร้างสรรค์"
"504","Gusikowski Ltd","mclaughlin.kameron@hyatt.go.th","ส่งเสริมเทคโนโลยีที่โปร่งใส"
"505","Walter Ltd","stehr.josephine@prosacco.co.th","สรรสร้างระบบอย่างสากล"
"506","Beatty Ltd","esteban37@gottlieb.in.th","สรรสร้างอุตสาหกรรมอย่างสากล"
"507","Schowalter Ltd","kayla81@wehner.th","เปลี่ยนโครงสร้างที่น่าดึงดูด"
"508","Kuvalis Ltd","zprice@klein.com","เชื่อมโยงอุตสาหกรรม24 ชั่วโมง"
"509","Nienow Ltd","eschuppe@franecki.com","ส่งเสริมอุตสาหกรรมที่โปร่งใส"
"510","Gaylord Ltd","tony43@roberts.com","ประสานโครงสร้างที่น่าดึงดูด"
"511","Schamberger Ltd","herzog.clarissa@borer.th","เชื่อมต่ออุตสาหกรรมสมัยใหม่"
"512","Hoppe Ltd","neil.wilderman@ortiz.com","พัฒนาเนื้อหาที่มีคุณค่า"
"513","Wolff Ltd","juliet08@leuschke.net.th","ส่งเสริมเทคโนโลยีคุณภาพสากล"
"514","Harvey Ltd","myah70@lebsack.mi.th","สรรสร้างระบบรูปแบบใหม่"
"515","Little Ltd","white.wendell@dickens.com","เปลี่ยนประสบการณ์คุณภาพสากล"
"516","Crooks Ltd","foster36@sporer.or.th","สรรสร้างประสบการณ์ที่แข็งแกร่ง"
"517","Thompson Ltd","marvin.leonard@kautzer.co.th","เปลี่ยนเนื้อหาอย่างไร้รอยต่อ"
"518","Bins Ltd","mkessler@homenick.in.th","ส่งเสริมตลาดที่มีความหมาย"
"519","Durgan Ltd","lorenz65@streich.th","ส่งเสริมอุตสาหกรรมอย่างมีประสิทธิภาพ"
"520","Lakin Ltd","braun.otha@shanahan.ac.th","เปลี่ยนความคิดที่น่าดึงดูด"
"521","Howe Ltd","dorian.brown@vonrueden.net.th","เชื่อมต่อเทคโนโลยีอย่างไร้ที่ติ"
"522","Marquardt Ltd","vstark@hane.mi.th","เปลี่ยนความคิดที่โปร่งใส"
"523","Nolan Ltd","casper.aurelie@waters.mi.th","เชื่อมโยงโครงสร้างสมัยใหม่"
"524","Oberbrunner Ltd","lwalter@stokes.ac.th","พัฒนาโครงสร้างเพื่อการเปลี่ยนแปลง"
"525","Fadel Ltd","izieme@harris.ac.th","ส่งเสริมเนื้อหาอย่างไร้รอยต่อ"
"526","Schuster Ltd","scotty.fisher@gusikowski.net.th","สรรสร้างเทคโนโลยีพร้อมใช้งาน"
"527","Marquardt Ltd","farrell.fritz@wilkinson.mi.th","ส่งเสริมความคิดรูปแบบใหม่"
"528","Reichert Ltd","fbalistreri@kilback.com","ประสานเครือข่ายอย่างสากล"
"529","Aufderhar Ltd","ggreenholt@larson.mi.th","เชื่อมต่ออุตสาหกรรม24 ชั่วโมง"
"530","McDermott Ltd","wolf.onie@wunsch.com","เชื่อมต่อประสบการณ์เพื่อการเปลี่ยนแปลง"
"531","Padberg Ltd","janelle.huels@mcdermott.in.th","เปลี่ยนสถาปัตยกรรมที่โปร่งใส"
"532","Kirlin Ltd","frances70@schuster.co.th","สรรสร้างระบบที่ปรับตัวได้"
"533","Feest Ltd","martine.powlowski@hauck.net.th","เชื่อมโยงอุตสาหกรรมที่มีความหมาย"
"534","Stiedemann Ltd","isabella.carroll@shanahan.mi.th","เปลี่ยนประสบการณ์อย่างไร้รอยต่อ"
"535","Predovic Ltd","van66@mcdermott.go.th","เชื่อมต่อผู้ใช้ที่สร้างสรรค์"
"536","Lebsack Ltd","terry.lelia@goodwin.com","พัฒนาเทคโนโลยีที่แข็งแกร่ง"
"537","Boyle Ltd","obie.stark@kunze.net.th","ประสานผู้ใช้รูปแบบใหม่"
"538","Walter Ltd","tschaden@adams.go.th","เปลี่ยนประสบการณ์รูปแบบใหม่"
"539","Schulist Ltd","alvena19@thiel.in.th","เชื่อมต่อสถาปัตยกรรมพร้อมใช้งาน"
"540","Kautzer Ltd","donnie76@deckow.or.th","ส่งเสริมความคิดที่มีคุณค่า"
"541","Hamill Ltd","jazmyn.williamson@ledner.mi.th","พัฒนาตลาดที่มีความหมาย"
"542","Berge Ltd","nienow.clifton@casper.ac.th","ส่งเสริมโครงสร้างอย่างสากล"
"543","Hayes Ltd","cormier.citlalli@abbott.mi.th","สรรสร้างอุตสาหกรรมอย่างมีประสิทธิภาพ"
"544","Hintz Ltd","chandler.davis@johns.ac.th","เปลี่ยนโครงสร้างที่สร้างสรรค์"
"545","Mueller Ltd","uchamplin@bergstrom.com","เชื่อมต่อระบบที่สร้างสรรค์"
"546","Dare Ltd","toy.marjorie@dubuque.th","เปลี่ยนเทคโนโลยีที่น่าดึงดูด"
"547","Brakus Ltd","yost.missouri@fahey.com","เปลี่ยนตลาดอย่างมีประสิทธิภาพ"
"548","Stroman Ltd","batz.roberta@russel.com","เชื่อมต่อโครงสร้าง24 ชั่วโมง"
"549","Purdy Ltd","willow35@heaney.net.th","เปลี่ยนตลาดที่สร้างสรรค์"
"550","Waelchi Ltd","hcrooks@cartwright.com","เชื่อมต่อเครือข่ายที่มีความหมาย"
"551","Gutkowski Ltd","stroman.heaven@daniel.or.th","เชื่อมโยงเนื้อหาเพื่อการเปลี่ยนแปลง"
"552","Turner Ltd","welch.carolyn@hauck.ac.th","เชื่อมโยงเนื้อหาเพื่อการเปลี่ยนแปลง"
"553","Wehner Ltd","adolph95@braun.ac.th","ประสานโครงสร้างที่แข็งแกร่ง"
"554","Jerde Ltd","priscilla13@hill.net.th","ส่งเสริมตลาดอย่างไร้รอยต่อ"
"555","Buckridge Ltd","mckenzie.rick@lubowitz.com","พัฒนาความคิดที่มีความหมาย"
"556","Zemlak Ltd","orn.jalen@langosh.net.th","เปลี่ยนความคิดที่ปรับตัวได้"
"557","Turcotte Ltd","flo.mraz@abernathy.com","เปลี่ยนเครือข่ายที่น่าดึงดูด"
"558","Muller Ltd","witting.johan@goyette.go.th","ประสานโครงสร้างที่สร้างสรรค์"
"559","Metz Ltd","ledner.wade@leuschke.co.th","สรรสร้างเทคโนโลยีที่มีคุณค่า"
"560","Bartoletti Ltd","jacques.funk@wolf.mi.th","เชื่อมต่อเทคโนโลยีพร้อมใช้งาน"
"561","Reynolds Ltd","terry.florence@kunze.net.th","สรรสร้างสถาปัตยกรรมสมัยใหม่"
"562","Anderson Ltd","antonietta.rutherford@keebler.net.th","เชื่อมโยงเครือข่าย24 ชั่วโมง"
"563","Mills Ltd","dallas.mccullough@rohan.ac.th","สรรสร้างเทคโนโลยีที่แข็งแกร่ง"
"564","Tromp Ltd","hwolf@schaefer.or.th","ประสานตลาดอย่างมีประสิทธิภาพ"
"565","Langworth Ltd","qbarton@rutherford.net.th","เชื่อมโยงโครงสร้างอย่างมีประสิทธิภาพ"
"566","Dietrich Ltd","adrian.upton@mayert.mi.th","เชื่อมโยงเทคโนโลยีที่โปร่งใส"
"567","Zemlak Ltd","okuneva.paolo@pfeffer.co.th","พัฒนาสถาปัตยกรรมที่โปร่งใส"
"568","Zboncak Ltd","lulu.schultz@beier.com","ส่งเสริมสถาปัตยกรรมสู่ผู้บริโภค"
"569","Zemlak Ltd","lempi.oberbrunner@murray.com","ประสานเนื้อหาสู่ผู้บริโภค"
"570","Maggio Ltd","jeanie01@okuneva.net.th","เปลี่ยนอุตสาหกรรมอย่างไร้ที่ติ"
"571","Gleichner Ltd","eadams@jakubowski.go.th","เปลี่ยนเทคโนโลยีที่น่าดึงดูด"
"572","Herzog Ltd","halie07@gottlieb.or.th","เชื่อมโยงสถาปัตยกรรมรูปแบบใหม่"
"573","Macejkovic Ltd","bogan.adaline@ohara.th","ประสานเครือข่ายที่โปร่งใส"
"574","Friesen Ltd","friesen.myrtie@cassin.go.th","ส่งเสริมผู้ใช้ที่โปร่งใส"
"575","O'Reilly Ltd","sandrine.trantow@stokes.net.th","พัฒนาเครือข่าย24 ชั่วโมง"
"576","O'Connell Ltd","yvette.bergstrom@bashirian.mi.th","เชื่อมโยงระบบสมัยใหม่"
"577","O'Kon Ltd","ibrown@champlin.com","ส่งเสริมผู้ใช้ที่มีความหมาย"
"578","Conroy Ltd","renee.hamill@ratke.in.th","สรรสร้างโครงสร้างรูปแบบใหม่"
"579","Gleichner Ltd","ekautzer@donnelly.or.th","เชื่อมโยงระบบอย่างสากล"
"580","Schuppe Ltd","marianne.windler@schroeder.mi.th","ประสานประสบการณ์รูปแบบใหม่"
"581","Kuhic Ltd","michel24@goyette.net.th","เชื่อมต่อระบบอย่างมีประสิทธิภาพ"
"582","Adams Ltd","larkin.tianna@robel.mi.th","สรรสร้างระบบคุณภาพสากล"
"583","Schneider Ltd","dortiz@oconner.in.th","เชื่อมโยงตลาด24 ชั่วโมง"
"584","Raynor Ltd","chloe.runolfsdottir@fisher.or.th","เชื่อมโยงประสบการณ์24 ชั่วโมง"
"585","Beier Ltd","fluettgen@grady.in.th","ส่งเสริมประสบการณ์อย่างมีประสิทธิภาพ"
"586","Hettinger Ltd","ikessler@mccullough.net.th","สรรสร้างผู้ใช้สมัยใหม่"
"587","Tremblay Ltd","skoch@schaden.or.th","ประสานเทคโนโลยีที่น่าดึงดูด"
"588","Donnelly Ltd","dakota.berge@bogan.go.th","เปลี่ยนเนื้อหาสมัยใหม่"
"589","Cronin Ltd","ryan.madison@homenick.net.th","ประสานประสบการณ์สมัยใหม่"
"590","Cruickshank Ltd","ivy.herzog@kirlin.th","เชื่อมโยงตลาดที่มีคุณค่า"
"591","Cassin Ltd","marcelino.nikolaus@bergnaum.ac.th","เชื่อมต่อประสบการณ์รูปแบบใหม่"
"592","Kunze Ltd","hans17@moen.com","เชื่อมต่อตลาดที่มีความหมาย"
"593","Kunde Ltd","hbins@hartmann.th","ส่งเสริมเทคโนโลยีคุณภาพสากล"
"594","Larson Ltd","vwilderman@ebert.net.th","พัฒนาผู้ใช้ที่แข็งแกร่ง"
"595","Fahey Ltd","nienow.douglas@fritsch.co.th","เปลี่ยนระบบที่แข็งแกร่ง"
"596","Dooley Ltd","casper.fannie@waters.in.th","เชื่อมต่อเครือข่ายที่สร้างสรรค์"
"597","Hodkiewicz Ltd","eliza.grady@mccullough.ac.th","เปลี่ยนประสบการณ์รูปแบบใหม่"
"598","O'Conner Ltd","brenna.lehner@koch.com","พัฒนาเนื้อหาสู่ผู้บริโภค"
"599","Abshire Ltd","wkonopelski@upton.or.th","พัฒนาผู้ใช้รูปแบบใหม่"
"600","Powlowski Ltd","waters.elinore@hilpert.com","เชื่อมต่อโครงสร้างที่โปร่งใส"
"601","Strosin Ltd","mschamberger@heaney.th","ประสานระบบเพื่อการเปลี่ยนแปลง"
"602","Olson Ltd","xharber@leffler.go.th","เชื่อมโยงโครงสร้างอย่างสากล"
"603","McDermott Ltd","breitenberg.bertrand@hand.mi.th","ส่งเสริมโครงสร้างคุณภาพสากล"
"604","Purdy Ltd","hschuster@schoen.ac.th","ประสานตลาดสู่ผู้บริโภค"
"605","Goyette Ltd","jennifer26@hartmann.th","ส่งเสริมเทคโนโลยีพร้อมใช้งาน"
"606","Lang Ltd","freda.huel@roob.th","เชื่อมโยงความคิดสมัยใหม่"
"607","Ernser Ltd","saul.kiehn@howell.ac.th","ประสานเนื้อหาอย่างสากล"
"608","Schinner Ltd","abshire.winfield@hoeger.or.th","ส่งเสริมประสบการณ์คุณภาพสากล"
"609","Walsh Ltd","igleason@ziemann.net.th","เปลี่ยนประสบการณ์สู่ผู้บริโภค"
"610","Gleason Ltd","zoie.hirthe@adams.com","พัฒนาเทคโนโลยีรูปแบบใหม่"
"611","Rath Ltd","glenna12@denesik.net.th","เปลี่ยนระบบคุณภาพสากล"
"612","Roberts Ltd","amanda14@stark.th","ประสานอุตสาหกรรม24 ชั่วโมง"
"613","Thiel Ltd","edach@cole.th","เชื่อมโยงเนื้อหารูปแบบใหม่"
"614","Spinka Ltd","barrows.alta@feest.go.th","พัฒนาสถาปัตยกรรมเพื่อการเปลี่ยนแปลง"
"615","King Ltd","qanderson@gleason.ac.th","สรรสร้างเทคโนโลยีที่โปร่งใส"
"616","Lubowitz Ltd","fritz15@damore.go.th","สรรสร้างเทคโนโลยีสมัยใหม่"
"617","Stoltenberg Ltd","austin.orn@hand.mi.th","เชื่อมโยงโครงสร้างที่น่าดึงดูด"
"618","Corwin Ltd","flatley.lysanne@gutmann.ac.th","เชื่อมโยงประสบการณ์พร้อมใช้งาน"
"619","Willms Ltd","hbartoletti@tremblay.co.th","ประสานเนื้อหาอย่างมีประสิทธิภาพ"
"620","Kemmer Ltd","moises.hegmann@west.mi.th","สรรสร้างสถาปัตยกรรมที่มีคุณค่า"
"621","Bechtelar Ltd","dicki.clifton@emmerich.co.th","เชื่อมต่อตลาดที่มีคุณค่า"
"622","Beatty Ltd","braden.ondricka@thiel.th","เชื่อมต่อเครือข่ายคุณภาพสากล"
"623","Kohler Ltd","berenice77@klocko.or.th","ส่งเสริมตลาดอย่างไร้ที่ติ"
"624","Jakubowski Ltd","krajcik.blanche@erdman.go.th","เชื่อมโยงผู้ใช้ที่มีความหมาย"
"625","Bahringer Ltd","bella89@watsica.mi.th","เชื่อมต่อระบบที่สร้างสรรค์"
"626","Prosacco Ltd","torey.pouros@bogan.com","ส่งเสริมเนื้อหาเพื่อการเปลี่ยนแปลง"
"627","Labadie Ltd","golda95@terry.go.th","ส่งเสริมระบบที่ปรับตัวได้"
"628","Kassulke Ltd","fbrekke@white.or.th","ส่งเสริมเทคโนโลยีที่แข็งแกร่ง"
"629","Feest Ltd","amelie.turcotte@oreilly.in.th","พัฒนาสถาปัตยกรรมอย่างมีประสิทธิภาพ"
"630","Emmerich Ltd","haag.josefa@ortiz.mi.th","เชื่อมโยงสถาปัตยกรรมที่แข็งแกร่ง"
"631","Greenfelder Ltd","hickle.kelli@rowe.co.th","พัฒนาเครือข่ายที่ปรับตัวได้"
"632","Grady Ltd","jaime.oconner@koelpin.in.th","พัฒนาเครือข่ายที่มีคุณค่า"
"633","Jacobson Ltd","leonie03@dicki.go.th","เปลี่ยนผู้ใช้สู่ผู้บริโภค"
"634","Wilderman Ltd","augustine.bogisich@nienow.in.th","พัฒนาประสบการณ์เพื่อการเปลี่ยนแปลง"
"635","Pagac Ltd","cameron.bartell@reilly.mi.th","พัฒนาเนื้อหา24 ชั่วโมง"
"636","Pfannerstill Ltd","heller.jeffry@murphy.go.th","เชื่อมต่อเครือข่ายอย่างไร้รอยต่อ"
"637","Schulist Ltd","guillermo.olson@mitchell.in.th","เปลี่ยนระบบที่น่าดึงดูด"
"638","Ebert Ltd","buck79@weber.co.th","เปลี่ยนเนื้อหาสมัยใหม่"
"639","McGlynn Ltd","ywolf@pfeffer.com","เปลี่ยนอุตสาหกรรมพร้อมใช้งาน"
"640","Schaefer Ltd","moen.gail@von.go.th","เปลี่ยนอุตสาหกรรมอย่างมีประสิทธิภาพ"
"641","Wolf Ltd","lchristiansen@cole.th","เชื่อมต่อโครงสร้างอย่างไร้รอยต่อ"
"642","Roob Ltd","charlie.adams@orn.or.th","ประสานผู้ใช้ที่น่าดึงดูด"
"643","Mueller Ltd","henry69@tromp.in.th","สรรสร้างประสบการณ์ที่น่าดึงดูด"
"644","Weimann Ltd","wolff.yesenia@erdman.go.th","เปลี่ยนความคิดรูปแบบใหม่"
"645","Murray Ltd","jorge.medhurst@stark.go.th","เชื่อมต่อระบบที่โปร่งใส"
"646","McLaughlin Ltd","oreilly.eula@douglas.ac.th","พัฒนาระบบที่แข็งแกร่ง"
"647","Kub Ltd","dkilback@dooley.or.th","เปลี่ยนผู้ใช้ที่มีความหมาย"
"648","Larkin Ltd","marcelino.upton@nicolas.mi.th","ส่งเสริมเทคโนโลยีที่สร้างสรรค์"
"649","Jerde Ltd","katrina59@maggio.net.th","เชื่อมต่อตลาดอย่างสากล"
"650","Little Ltd","delpha82@hansen.ac.th","พัฒนาตลาดพร้อมใช้งาน"
"651","Thompson Ltd","raymond.oreilly@schmeler.in.th","ประสานตลาดพร้อมใช้งาน"
"652","Douglas Ltd","urosenbaum@moen.mi.th","เปลี่ยนโครงสร้างอย่างมีประสิทธิภาพ"
"653","Shields Ltd","fadel.elda@ferry.ac.th","เปลี่ยนประสบการณ์อย่างไร้รอยต่อ"
"654","Reichert Ltd","daisha.marvin@bogan.net.th","ประสานเครือข่ายอย่างไร้รอยต่อ"
"655","Schaefer Ltd","kyra28@thompson.th","เปลี่ยนระบบที่สร้างสรรค์"
"656","Gislason Ltd","jamarcus.bosco@rohan.th","เชื่อมโยงสถาปัตยกรรมพร้อมใช้งาน"
"657","Abbott Ltd","ebednar@durgan.th","ส่งเสริมตลาดที่มีคุณค่า"
"658","Batz Ltd","jonathon81@goyette.ac.th","ประสานสถาปัตยกรรมที่โปร่งใส"
"659","O'Kon Ltd","bryana.smith@kilback.or.th","ส่งเสริมสถาปัตยกรรมที่แข็งแกร่ง"
"660","Mosciski Ltd","bode.ava@greenholt.com","เชื่อมโยงประสบการณ์ที่มีคุณค่า"
"661","Macejkovic Ltd","augustine.kuhic@howe.mi.th","เชื่อมต่อเครือข่ายอย่างมีประสิทธิภาพ"
"662","Feil Ltd","jalyn07@bergstrom.or.th","เปลี่ยนเนื้อหาที่มีความหมาย"
"663","Lynch Ltd","graciela80@hermiston.co.th","เชื่อมโยงระบบที่มีความหมาย"
"664","O'Connell Ltd","brekke.barton@wintheiser.or.th","พัฒนาระบบที่ปรับตัวได้"
"665","Denesik Ltd","julius07@lang.com","สรรสร้างเครือข่ายสมัยใหม่"
"666","McCullough Ltd","gilda.price@torp.or.th","เชื่อมโยงอุตสาหกรรมที่ปรับตัวได้"
"667","Kuhic Ltd","mmarks@thiel.mi.th","เชื่อมโยงประสบการณ์อย่างสากล"
"668","O'Kon Ltd","lpadberg@walsh.net.th","เปลี่ยนโครงสร้างที่โปร่งใส"
"669","Durgan Ltd","bartell.betty@rempel.in.th","สรรสร้างเนื้อหาที่มีคุณค่า"
"670","Grimes Ltd","patsy40@bogan.ac.th","ประสานความคิดที่น่าดึงดูด"
"671","Schoen Ltd","lora05@berge.com","ส่งเสริมเนื้อหาอย่างสากล"
"672","Satterfield Ltd","norberto.howell@jacobi.ac.th","เชื่อมต่อโครงสร้างอย่างมีประสิทธิภาพ"
"673","Schultz Ltd","ihill@nicolas.net.th","เปลี่ยนประสบการณ์ที่สร้างสรรค์"
"674","Legros Ltd","bill24@mckenzie.ac.th","เปลี่ยนความคิดอย่างสากล"
"675","Shields Ltd","clifford05@bednar.mi.th","เชื่อมโยงผู้ใช้พร้อมใช้งาน"
"676","Dare Ltd","elinore10@nicolas.com","ประสานความคิด24 ชั่วโมง"
"677","Rogahn Ltd","kuphal.jensen@kunze.in.th","ส่งเสริมเทคโนโลยีอย่างสากล"
"678","Stark Ltd","braden65@ortiz.th","ส่งเสริมสถาปัตยกรรมที่มีคุณค่า"
"679","Wilderman Ltd","eileen93@schulist.mi.th","ส่งเสริมประสบการณ์ที่มีคุณค่า"
"680","Berge Ltd","kbashirian@hoppe.mi.th","เชื่อมต่อผู้ใช้สู่ผู้บริโภค"
"681","Armstrong Ltd","oauer@dibbert.com","เชื่อมโยงอุตสาหกรรมที่ปรับตัวได้"
"682","Barrows Ltd","dlueilwitz@cole.net.th","เชื่อมโยงความคิดรูปแบบใหม่"
"683","Sipes Ltd","kobe.fadel@mueller.co.th","ส่งเสริมผู้ใช้เพื่อการเปลี่ยนแปลง"
"684","Ziemann Ltd","skiles.tressie@predovic.com","ส่งเสริมโครงสร้างที่มีคุณค่า"
"685","Flatley Ltd","della16@donnelly.th","เชื่อมต่อสถาปัตยกรรมอย่างสากล"
"686","Hegmann Ltd","champlin.lorenza@jacobs.ac.th","เปลี่ยนโครงสร้าง24 ชั่วโมง"
"687","Greenfelder Ltd","kiley.murphy@huels.in.th","สรรสร้างเทคโนโลยีอย่างมีประสิทธิภาพ"
"688","Langosh Ltd","klein.evan@schaefer.net.th","เชื่อมโยงโครงสร้างอย่างมีประสิทธิภาพ"
"689","Blick Ltd","liliana30@stark.com","ส่งเสริมความคิดที่ปรับตัวได้"
"690","Dicki Ltd","goodwin.tristin@considine.com","สรรสร้างประสบการณ์ที่โปร่งใส"
"691","Emard Ltd","noble88@strosin.th","สรรสร้างโครงสร้างอย่างไร้ที่ติ"
"692","Mertz Ltd","torp.alverta@rogahn.com","เปลี่ยนสถาปัตยกรรมรูปแบบใหม่"
"693","Tromp Ltd","adella67@monahan.com","เชื่อมโยงเนื้อหาพร้อมใช้งาน"
"694","Vandervort Ltd","llueilwitz@schneider.in.th","เชื่อมต่อความคิดอย่างไร้รอยต่อ"
"695","Rodriguez Ltd","spowlowski@dubuque.in.th","ส่งเสริมเครือข่ายคุณภาพสากล"
"696","Emmerich Ltd","junior35@ohara.co.th","เชื่อมต่อระบบอย่างไร้รอยต่อ"
"697","Schowalter Ltd","ida64@douglas.go.th","พัฒนาตลาดที่แข็งแกร่ง"
"698","Strosin Ltd","beulah.cummings@pouros.net.th","ส่งเสริมโครงสร้างพร้อมใช้งาน"
"699","Jast Ltd","troob@fay.or.th","พัฒนาตลาดที่โปร่งใส"
"700","Steuber Ltd","gussie16@runolfsson.go.th","เปลี่ยนตลาดคุณภาพสากล"
"701","Blanda Ltd","rosalyn.price@stark.go.th","ส่งเสริมเนื้อหาคุณภาพสากล"
"702","Romaguera Ltd","rohan.katelyn@pollich.or.th","ส่งเสริมตลาดอย่างสากล"
"703","Hessel Ltd","devon97@stamm.go.th","เชื่อมต่อเครือข่ายอย่างมีประสิทธิภาพ"
"704","Wolf Ltd","esteban.mueller@jerde.com","ประสานเนื้อหาที่ปรับตัวได้"
"705","Stracke Ltd","douglas.arch@bernier.in.th","เชื่อมต่อเทคโนโลยี24 ชั่วโมง"
"706","Medhurst Ltd","ottis54@zboncak.ac.th","เชื่อมต่อตลาดอย่างมีประสิทธิภาพ"
"707","Cruickshank Ltd","spinka.efrain@reichel.co.th","ประสานความคิดเพื่อการเปลี่ยนแปลง"
"708","Satterfield Ltd","humberto.mclaughlin@pagac.mi.th","เปลี่ยนประสบการณ์ที่มีคุณค่า"
"709","Krajcik Ltd","medhurst.modesto@kuphal.ac.th","พัฒนาเทคโนโลยีอย่างไร้รอยต่อ"
"710","Grant Ltd","samanta45@considine.th","เปลี่ยนระบบพร้อมใช้งาน"
"711","Buckridge Ltd","bschamberger@stroman.com","เชื่อมต่อเครือข่ายสู่ผู้บริโภค"
"712","Spinka Ltd","liliana72@lehner.in.th","พัฒนาเนื้อหาที่น่าดึงดูด"
"713","Hilpert Ltd","moconner@anderson.net.th","เชื่อมต่อตลาดรูปแบบใหม่"
"714","Raynor Ltd","anjali.von@tromp.ac.th","ส่งเสริมเครือข่าย24 ชั่วโมง"
"715","Tillman Ltd","ernie52@larkin.ac.th","เชื่อมต่อเทคโนโลยีสมัยใหม่"
"716","Mills Ltd","johathan02@hodkiewicz.go.th","สรรสร้างผู้ใช้ที่มีคุณค่า"
"717","Fisher Ltd","marlee.hamill@schamberger.com","เปลี่ยนระบบที่สร้างสรรค์"
"718","Langworth Ltd","carroll83@jenkins.co.th","ประสานความคิดสมัยใหม่"
"719","Hayes Ltd","sshanahan@olson.or.th","สรรสร้างเครือข่ายที่ปรับตัวได้"
"720","Mann Ltd","hvonrueden@king.co.th","เชื่อมต่อตลาดอย่างมีประสิทธิภาพ"
"721","Wisoky Ltd","delphia85@larkin.com","เปลี่ยนเครือข่ายสมัยใหม่"
"722","Parker Ltd","francis56@turner.ac.th","ส่งเสริมเทคโนโลยีพร้อมใช้งาน"
"723","Smitham Ltd","jake.feest@homenick.net.th","ประสานผู้ใช้ที่โปร่งใส"
"724","O'Keefe Ltd","pietro09@stroman.ac.th","เชื่อมต่อตลาดอย่างสากล"
"725","Ziemann Ltd","emilia.schulist@schiller.or.th","ประสานอุตสาหกรรมสมัยใหม่"
"726","Casper Ltd","claire34@roob.th","ส่งเสริมระบบที่น่าดึงดูด"
"727","Turcotte Ltd","pcollier@heathcote.co.th","เชื่อมโยงเครือข่ายอย่างไร้ที่ติ"
"728","Kassulke Ltd","blaze.grant@mueller.mi.th","พัฒนาเครือข่ายที่โปร่งใส"
"729","Bashirian Ltd","sarina96@anderson.ac.th","ส่งเสริมเครือข่ายอย่างสากล"
"730","Jaskolski Ltd","lelia48@marquardt.com","เชื่อมต่อสถาปัตยกรรม24 ชั่วโมง"
"731","Nolan Ltd","volkman.petra@beer.in.th","สรรสร้างตลาดที่น่าดึงดูด"
"732","Bosco Ltd","frederick.emard@jast.th","ส่งเสริมความคิดเพื่อการเปลี่ยนแปลง"
"733","Rau Ltd","baumbach.arianna@labadie.go.th","เชื่อมโยงเครือข่ายที่น่าดึงดูด"
"734","Kautzer Ltd","gwen18@runte.net.th","เชื่อมโยงตลาดที่มีคุณค่า"
"735","Rippin Ltd","blanda.stewart@wilderman.net.th","ส่งเสริมเทคโนโลยีพร้อมใช้งาน"
"736","Crist Ltd","guy26@mann.ac.th","ประสานเนื้อหาที่น่าดึงดูด"
"737","Rippin Ltd","tsatterfield@bergstrom.com","ประสานความคิดอย่างมีประสิทธิภาพ"
"738","Rempel Ltd","karson60@labadie.co.th","สรรสร้างสถาปัตยกรรมที่ปรับตัวได้"
"739","Kuhic Ltd","qcorwin@hoeger.co.th","เชื่อมโยงระบบอย่างสากล"
"740","Kunde Ltd","larry71@cronin.ac.th","เชื่อมต่อเนื้อหา24 ชั่วโมง"
"741","Pfannerstill Ltd","brielle18@sawayn.net.th","ส่งเสริมโครงสร้างที่มีคุณค่า"
"742","Howe Ltd","kkunze@von.ac.th","พัฒนาตลาดที่โปร่งใส"
"743","Howell Ltd","cruz.hammes@spinka.com","ประสานเนื้อหาคุณภาพสากล"
"744","Wolff Ltd","graham.eliseo@schiller.net.th","เชื่อมต่อเนื้อหาอย่างไร้รอยต่อ"
"745","Hilpert Ltd","edward.feil@rodriguez.com","ส่งเสริมระบบอย่างไร้ที่ติ"
"746","Halvorson Ltd","heathcote.audra@stokes.in.th","สรรสร้างตลาดเพื่อการเปลี่ยนแปลง"
"747","Bayer Ltd","dbeer@parker.th","ประสานเทคโนโลยีอย่างไร้ที่ติ"
"748","Halvorson Ltd","dare.florencio@boyer.or.th","ส่งเสริมอุตสาหกรรมอย่างไร้รอยต่อ"
"749","Marks Ltd","vinnie.considine@cormier.mi.th","สรรสร้างโครงสร้างพร้อมใช้งาน"
"750","Hoppe Ltd","astrid.wyman@friesen.co.th","ส่งเสริมโครงสร้างอย่างมีประสิทธิภาพ"
"751","Fritsch Ltd","scotty.kozey@williamson.go.th","พัฒนาผู้ใช้อย่างไร้รอยต่อ"
"752","Crona Ltd","oroberts@ritchie.ac.th","เชื่อมต่อตลาดสู่ผู้บริโภค"
"753","Carroll Ltd","zdietrich@schoen.ac.th","เชื่อมต่อโครงสร้าง24 ชั่วโมง"
"754","Bruen Ltd","parker.ezekiel@zboncak.in.th","ส่งเสริมตลาดสู่ผู้บริโภค"
"755","Watsica Ltd","dare.yolanda@grady.net.th","ประสานประสบการณ์รูปแบบใหม่"
"756","Graham Ltd","emmie35@metz.go.th","สรรสร้างความคิดอย่างไร้ที่ติ"
"757","Howell Ltd","jorge.klein@ankunding.ac.th","พัฒนาประสบการณ์24 ชั่วโมง"
"758","Kihn Ltd","bennie.altenwerth@rolfson.ac.th","เชื่อมโยงเนื้อหาอย่างไร้รอยต่อ"
"759","Aufderhar Ltd","gislason.alivia@macejkovic.co.th","พัฒนาสถาปัตยกรรมอย่างไร้รอยต่อ"
"760","Waters Ltd","oliver25@marquardt.or.th","เชื่อมต่อโครงสร้างที่มีความหมาย"
"761","Wisozk Ltd","moen.vesta@mitchell.com","เชื่อมโยงเนื้อหาเพื่อการเปลี่ยนแปลง"
"762","Rogahn Ltd","toby38@marks.or.th","พัฒนาเนื้อหาคุณภาพสากล"
"763","Zboncak Ltd","fpurdy@stoltenberg.go.th","เชื่อมโยงตลาดสมัยใหม่"
"764","Sanford Ltd","guillermo85@wolf.ac.th","พัฒนาความคิดอย่างมีประสิทธิภาพ"
"765","Hagenes Ltd","quigley.fredrick@cremin.in.th","เชื่อมโยงอุตสาหกรรมคุณภาพสากล"
"766","Dibbert Ltd","austyn.shields@lesch.com","ส่งเสริมตลาดสมัยใหม่"
"767","Raynor Ltd","rick.skiles@marquardt.or.th","เชื่อมต่ออุตสาหกรรมที่มีความหมาย"
"768","Stokes Ltd","pferry@smitham.net.th","ส่งเสริมระบบอย่างสากล"
"769","Kihn Ltd","elody.halvorson@reinger.th","พัฒนาสถาปัตยกรรมที่มีคุณค่า"
"770","Olson Ltd","jaquelin.kautzer@tillman.ac.th","ส่งเสริมความคิดพร้อมใช้งาน"
"771","Buckridge Ltd","shanahan.baby@kuphal.mi.th","เชื่อมต่อผู้ใช้อย่างไร้ที่ติ"
"772","Sanford Ltd","roberts.maxie@dubuque.co.th","เชื่อมโยงประสบการณ์สู่ผู้บริโภค"
"773","Maggio Ltd","kailey87@mertz.net.th","เปลี่ยนอุตสาหกรรมรูปแบบใหม่"
"774","Mayer Ltd","annalise.haag@ward.th","ส่งเสริมเทคโนโลยีอย่างมีประสิทธิภาพ"
"775","Russel Ltd","josh53@kunze.go.th","สรรสร้างโครงสร้างพร้อมใช้งาน"
"776","Beahan Ltd","wkunde@crona.net.th","เชื่อมต่อเทคโนโลยีพร้อมใช้งาน"
"777","Howe Ltd","doyle.arjun@ullrich.go.th","สรรสร้างเครือข่ายอย่างมีประสิทธิภาพ"
"778","Gislason Ltd","beau.heidenreich@walter.or.th","ส่งเสริมประสบการณ์อย่างมีประสิทธิภาพ"
"779","Stehr Ltd","domenica95@dibbert.ac.th","เชื่อมต่อสถาปัตยกรรมสู่ผู้บริโภค"
"780","Walker Ltd","adams.otha@daugherty.net.th","ส่งเสริมผู้ใช้24 ชั่วโมง"
"781","Spencer Ltd","jamel.nolan@haley.ac.th","เปลี่ยนสถาปัตยกรรมเพื่อการเปลี่ยนแปลง"
"782","Rolfson Ltd","chelsey.parisian@friesen.or.th","เชื่อมโยงประสบการณ์ที่มีคุณค่า"
"783","Hills Ltd","trudie.langosh@murray.or.th","เปลี่ยนระบบรูปแบบใหม่"
"784","Feeney Ltd","roscoe.stanton@osinski.go.th","ประสานผู้ใช้อย่างสากล"
"785","Reynolds Ltd","funk.ashlynn@konopelski.th","พัฒนาความคิดที่น่าดึงดูด"
"786","Parker Ltd","hansen.damien@kub.co.th","เปลี่ยนเครือข่ายที่น่าดึงดูด"
"787","Gleichner Ltd","jordi.haley@zemlak.net.th","พัฒนาโครงสร้างอย่างไร้ที่ติ"
"788","Braun Ltd","nsmith@stroman.th","เชื่อมโยงสถาปัตยกรรมที่มีความหมาย"
"789","Donnelly Ltd","shields.darby@reichel.mi.th","สรรสร้างสถาปัตยกรรมที่มีคุณค่า"
"790","Dietrich Ltd","francisca.rodriguez@medhurst.or.th","ส่งเสริมสถาปัตยกรรมสมัยใหม่"
"791","Ullrich Ltd","kimberly.weissnat@hyatt.co.th","เชื่อมต่ออุตสาหกรรมที่น่าดึงดูด"
"792","Fritsch Ltd","dolly61@osinski.mi.th","สรรสร้างสถาปัตยกรรมรูปแบบใหม่"
"793","Heathcote Ltd","kaleb24@krajcik.th","เปลี่ยนตลาดที่ปรับตัวได้"
"794","Orn Ltd","chadrick.skiles@ryan.co.th","พัฒนาโครงสร้างคุณภาพสากล"
"795","Rempel Ltd","bergstrom.virgie@beatty.mi.th","ส่งเสริมเทคโนโลยีสู่ผู้บริโภค"
"796","Maggio Ltd","harvey.sharon@parker.net.th","ประสานตลาดที่โปร่งใส"
"797","Zulauf Ltd","isaiah.abshire@borer.net.th","เชื่อมต่อความคิดอย่างมีประสิทธิภาพ"
"798","Barton Ltd","npowlowski@harris.net.th","ส่งเสริมความคิดอย่างไร้ที่ติ"
"799","Pouros Ltd","kayley.thiel@brekke.ac.th","เชื่อมโยงสถาปัตยกรรมอย่างสากล"
"800","Ritchie Ltd","xwisoky@gusikowski.ac.th","ประสานประสบการณ์สมัยใหม่"
"801","Greenholt Ltd","kelvin90@mclaughlin.com","พัฒนาเนื้อหาอย่างไร้ที่ติ"
"802","Blanda Ltd","amari76@schiller.mi.th","สรรสร้างตลาดอย่างไร้ที่ติ"
"803","Kuhic Ltd","asha54@gutmann.mi.th","ประสานเครือข่ายที่ปรับตัวได้"
"804","Dibbert Ltd","eloisa.stoltenberg@rogahn.th","เชื่อมต่อโครงสร้างพร้อมใช้งาน"
"805","Kuvalis Ltd","ullrich.gust@auer.th","เปลี่ยนเครือข่ายคุณภาพสากล"
"806","Lang Ltd","jhoppe@osinski.in.th","พัฒนาโครงสร้างคุณภาพสากล"
"807","Thompson Ltd","wbradtke@flatley.co.th","เชื่อมต่อประสบการณ์สมัยใหม่"
"808","Collier Ltd","ronny.conn@runolfsdottir.th","เปลี่ยนสถาปัตยกรรมที่โปร่งใส"
"809","Kuhic Ltd","schumm.andrew@wolff.co.th","เชื่อมโยงโครงสร้างเพื่อการเปลี่ยนแปลง"
"810","Gorczany Ltd","cole.johnathon@bernhard.mi.th","ประสานเนื้อหาที่สร้างสรรค์"
"811","Frami Ltd","furman.bode@monahan.net.th","เชื่อมต่อเทคโนโลยีที่น่าดึงดูด"
"812","Cartwright Ltd","edyth79@cartwright.in.th","สรรสร้างตลาดอย่างไร้ที่ติ"
"813","Waelchi Ltd","bria.stehr@mcclure.net.th","เปลี่ยนผู้ใช้สมัยใหม่"
"814","Zulauf Ltd","dorothy37@herzog.com","สรรสร้างผู้ใช้คุณภาพสากล"
"815","Erdman Ltd","matilda.rogahn@larkin.com","เชื่อมต่อเครือข่ายที่มีคุณค่า"
"816","Schmidt Ltd","heaney.annie@lueilwitz.net.th","เปลี่ยนเนื้อหาอย่างมีประสิทธิภาพ"
"817","Wiza Ltd","maureen.runolfsson@turcotte.net.th","ส่งเสริมเครือข่ายพร้อมใช้งาน"
"818","Zboncak Ltd","gusikowski.steve@leannon.in.th","เชื่อมโยงผู้ใช้ที่แข็งแกร่ง"
"819","Flatley Ltd","gerlach.jonas@murazik.or.th","ส่งเสริมเนื้อหาอย่างไร้ที่ติ"
"820","Jaskolski Ltd","krystina34@sauer.mi.th","เชื่อมโยงประสบการณ์สู่ผู้บริโภค"
"821","Stoltenberg Ltd","ricky.funk@damore.co.th","เชื่อมโยงสถาปัตยกรรมอย่างไร้ที่ติ"
"822","Stroman Ltd","richard09@kassulke.ac.th","สรรสร้างตลาดที่มีความหมาย"
"823","Brekke Ltd","myrna92@spencer.com","สรรสร้างระบบเพื่อการเปลี่ยนแปลง"
"824","Simonis Ltd","mayert.olaf@vonrueden.in.th","เปลี่ยนอุตสาหกรรมคุณภาพสากล"
"825","Rohan Ltd","eliseo.predovic@hermiston.or.th","เชื่อมโยงเทคโนโลยีอย่างไร้รอยต่อ"
"826","Hickle Ltd","enos14@murphy.or.th","เปลี่ยนอุตสาหกรรมรูปแบบใหม่"
"827","Krajcik Ltd","cheyenne.kuhlman@kuhlman.in.th","ประสานเทคโนโลยีที่น่าดึงดูด"
"828","Walker Ltd","nlemke@reichel.net.th","เปลี่ยนสถาปัตยกรรมที่แข็งแกร่ง"
"829","Stroman Ltd","bosco.mittie@hand.go.th","เชื่อมต่อเครือข่ายที่น่าดึงดูด"
"830","McKenzie Ltd","garnet16@schimmel.ac.th","เปลี่ยนตลาดที่สร้างสรรค์"
"831","Spencer Ltd","veum.abdul@koepp.or.th","ส่งเสริมเนื้อหาอย่างไร้ที่ติ"
"832","Zboncak Ltd","tristian.fahey@jacobi.co.th","เชื่อมต่อเนื้อหาอย่างสากล"
"833","Leffler Ltd","henderson.gulgowski@koch.ac.th","เปลี่ยนเครือข่ายสู่ผู้บริโภค"
"834","Powlowski Ltd","lindgren.jordan@white.th","สรรสร้างสถาปัตยกรรมที่ปรับตัวได้"
"835","Ebert Ltd","elmira24@veum.co.th","ส่งเสริมโครงสร้าง24 ชั่วโมง"
"836","Lebsack Ltd","squitzon@reilly.or.th","เชื่อมต่อระบบที่แข็งแกร่ง"
"837","Keebler Ltd","jordi.wehner@hilpert.net.th","เปลี่ยนผู้ใช้อย่างไร้ที่ติ"
"838","Stamm Ltd","murphy55@mckenzie.or.th","พัฒนาความคิดที่มีคุณค่า"
"839","Mohr Ltd","major.west@emard.mi.th","เชื่อมโยงตลาดรูปแบบใหม่"
"840","Conroy Ltd","kabshire@klein.in.th","ประสานอุตสาหกรรมที่โปร่งใส"
"841","Keebler Ltd","tjones@homenick.go.th","เชื่อมต่ออุตสาหกรรมรูปแบบใหม่"
"842","Cartwright Ltd","vluettgen@erdman.net.th","เชื่อมต่อเครือข่ายสมัยใหม่"
"843","Kub Ltd","volkman.domenick@rosenbaum.net.th","ประสานผู้ใช้ที่แข็งแกร่ง"
"844","Stark Ltd","paris.gorczany@corkery.net.th","เชื่อมโยงสถาปัตยกรรมพร้อมใช้งาน"
"845","Weber Ltd","conn.mara@hilpert.go.th","ประสานตลาดอย่างสากล"
"846","Witting Ltd","smith.merritt@abernathy.net.th","เชื่อมโยงอุตสาหกรรมอย่างมีประสิทธิภาพ"
"847","Gulgowski Ltd","everardo.corwin@walker.in.th","เปลี่ยนความคิดที่มีความหมาย"
"848","Lubowitz Ltd","melba25@schneider.mi.th","เชื่อมโยงตลาดที่มีคุณค่า"
"849","Bernhard Ltd","cblanda@towne.co.th","สรรสร้างผู้ใช้คุณภาพสากล"
"850","Kihn Ltd","curt53@bednar.ac.th","ส่งเสริมผู้ใช้สู่ผู้บริโภค"
"851","Willms Ltd","kailey.quigley@pfeffer.net.th","พัฒนาระบบที่สร้างสรรค์"
"852","Ortiz Ltd","omer47@yundt.net.th","เปลี่ยนระบบที่แข็งแกร่ง"
"853","Wintheiser Ltd","mlockman@stracke.ac.th","เปลี่ยนเนื้อหาพร้อมใช้งาน"
"854","Bednar Ltd","madge.keeling@reichel.co.th","ประสานเนื้อหาที่มีคุณค่า"
"855","Nienow Ltd","kris.ezequiel@cartwright.or.th","ส่งเสริมอุตสาหกรรม24 ชั่วโมง"
"856","Denesik Ltd","casper.rupert@mertz.net.th","พัฒนาระบบสู่ผู้บริโภค"
"857","Barton Ltd","initzsche@rolfson.com","เชื่อมโยงตลาดที่สร้างสรรค์"
"858","Towne Ltd","schulist.henriette@oconner.co.th","เชื่อมต่อระบบที่มีคุณค่า"
"859","Larson Ltd","wauer@rohan.or.th","สรรสร้างเทคโนโลยีอย่างไร้รอยต่อ"
"860","Kreiger Ltd","jamarcus52@hoppe.ac.th","ประสานเนื้อหาสมัยใหม่"
"861","Jaskolski Ltd","drew43@tillman.net.th","ส่งเสริมสถาปัตยกรรมเพื่อการเปลี่ยนแปลง"
"862","Huel Ltd","ayana61@hilpert.in.th","เปลี่ยนผู้ใช้สมัยใหม่"
"863","Ernser Ltd","qcarter@doyle.go.th","ประสานผู้ใช้ที่โปร่งใส"
"864","Wisoky Ltd","ygraham@schinner.mi.th","เชื่อมโยงโครงสร้างที่ปรับตัวได้"
"865","Collier Ltd","yessenia57@altenwerth.in.th","เชื่อมต่อเนื้อหาที่สร้างสรรค์"
"866","Lang Ltd","everett84@cummerata.go.th","พัฒนาอุตสาหกรรมรูปแบบใหม่"
"867","Kuphal Ltd","tflatley@reynolds.in.th","เชื่อมโยงตลาดที่มีความหมาย"
"868","Goldner Ltd","estelle.lakin@bergnaum.or.th","ประสานสถาปัตยกรรมพร้อมใช้งาน"
"869","Kovacek Ltd","herzog.yasmeen@wyman.mi.th","พัฒนาประสบการณ์อย่างไร้รอยต่อ"
"870","Leannon Ltd","hellen59@block.in.th","เชื่อมต่อเทคโนโลยีที่ปรับตัวได้"
"871","Bahringer Ltd","schuster.jamison@bayer.or.th","เชื่อมต่อตลาดพร้อมใช้งาน"
"872","Gislason Ltd","lcronin@towne.net.th","เชื่อมโยงตลาดที่มีความหมาย"
"873","Lueilwitz Ltd","botsford.brisa@kohler.th","ประสานความคิดอย่างมีประสิทธิภาพ"
"874","Larkin Ltd","bernard76@kerluke.go.th","สรรสร้างตลาดสมัยใหม่"
"875","Lynch Ltd","randi29@spencer.co.th","พัฒนาตลาดอย่างสากล"
"876","Harber Ltd","bratke@raynor.in.th","เชื่อมต่อความคิดรูปแบบใหม่"
"877","Pouros Ltd","swaniawski.joannie@tremblay.in.th","เชื่อมโยงเนื้อหาอย่างไร้รอยต่อ"
"878","Hudson Ltd","drew.johnson@bernhard.com","พัฒนาความคิดรูปแบบใหม่"
"879","O'Kon Ltd","tremblay.lacy@greenfelder.mi.th","ส่งเสริมเนื้อหาคุณภาพสากล"
"880","Spinka Ltd","favian64@pfannerstill.go.th","ส่งเสริมตลาด24 ชั่วโมง"
"881","Hickle Ltd","sydnee.stokes@spinka.co.th","เปลี่ยนตลาดที่แข็งแกร่ง"
"882","Kunde Ltd","kozey.ricardo@eichmann.or.th","พัฒนาสถาปัตยกรรม24 ชั่วโมง"
"883","Kub Ltd","donnelly.herminio@rolfson.net.th","พัฒนาตลาดที่โปร่งใส"
"884","Daniel Ltd","vonrueden.harvey@sauer.mi.th","เชื่อมต่อตลาดเพื่อการเปลี่ยนแปลง"
"885","Legros Ltd","dmetz@kemmer.net.th","เชื่อมต่อเครือข่ายที่สร้างสรรค์"
"886","Padberg Ltd","ed11@fisher.th","เปลี่ยนผู้ใช้ที่โปร่งใส"
"887","Mraz Ltd","rosemarie69@robel.com","เชื่อมต่อเนื้อหาอย่างสากล"
"888","Metz Ltd","abbott.ursula@zulauf.in.th","สรรสร้างความคิดสู่ผู้บริโภค"
"889","Cummerata Ltd","lesly.hickle@treutel.mi.th","ประสานเครือข่ายที่สร้างสรรค์"
"890","Lowe Ltd","brady.simonis@casper.go.th","เชื่อมโยงโครงสร้าง24 ชั่วโมง"
"891","McKenzie Ltd","gabe68@spencer.com","สรรสร้างผู้ใช้อย่างสากล"
"892","Schmitt Ltd","kaden.hilpert@purdy.mi.th","สรรสร้างความคิดที่ปรับตัวได้"
"893","Walsh Ltd","reymundo.runolfsson@bogisich.co.th","เปลี่ยนเทคโนโลยีที่น่าดึงดูด"
"894","Jerde Ltd","olind@wisoky.or.th","พัฒนาอุตสาหกรรมพร้อมใช้งาน"
"895","Hermann Ltd","randall10@hill.th","เชื่อมโยงประสบการณ์24 ชั่วโมง"
"896","Goyette Ltd","thomas.ohara@lemke.mi.th","เชื่อมต่อตลาดที่น่าดึงดูด"
"897","Cummings Ltd","summer11@kertzmann.ac.th","พัฒนาเนื้อหาที่น่าดึงดูด"
"898","Hills Ltd","maritza.feeney@zieme.ac.th","สรรสร้างตลาดอย่างไร้รอยต่อ"
"899","Aufderhar Ltd","hansen.benedict@kozey.mi.th","ส่งเสริมสถาปัตยกรรมที่มีความหมาย"
"900","Rath Ltd","makenna43@orn.net.th","ส่งเสริมเนื้อหาพร้อมใช้งาน"
"901","Sporer Ltd","darrion.reichert@bergnaum.in.th","ประสานตลาดเพื่อการเปลี่ยนแปลง"
"902","Bechtelar Ltd","uhuels@haag.co.th","เชื่อมโยงเครือข่ายที่แข็งแกร่ง"
"903","Gibson Ltd","breitenberg.cedrick@eichmann.co.th","เชื่อมโยงเทคโนโลยีพร้อมใช้งาน"
"904","Cormier Ltd","robert68@hamill.go.th","ประสานเทคโนโลยีคุณภาพสากล"
"905","Runolfsdottir Ltd","lwilliamson@carter.or.th","เชื่อมโยงเนื้อหาอย่างไร้ที่ติ"
"906","Bashirian Ltd","orie.beier@roberts.net.th","เชื่อมโยงตลาดที่แข็งแกร่ง"
"907","Johnson Ltd","mitchell.adele@murray.co.th","ส่งเสริมระบบ24 ชั่วโมง"
"908","Sanford Ltd","ignacio95@okuneva.go.th","เปลี่ยนผู้ใช้ที่มีความหมาย"
"909","Dare Ltd","jhomenick@muller.go.th","เปลี่ยนเครือข่ายที่สร้างสรรค์"
"910","Donnelly Ltd","mann.heber@collier.ac.th","เปลี่ยนอุตสาหกรรมรูปแบบใหม่"
"911","Kemmer Ltd","turcotte.garrison@langosh.mi.th","สรรสร้างสถาปัตยกรรมสมัยใหม่"
"912","Donnelly Ltd","emilia79@mccullough.or.th","ส่งเสริมโครงสร้างที่โปร่งใส"
"913","Konopelski Ltd","lhyatt@kreiger.th","ส่งเสริมประสบการณ์อย่างมีประสิทธิภาพ"
"914","Borer Ltd","mmarquardt@parisian.go.th","เชื่อมโยงความคิดพร้อมใช้งาน"
"915","Monahan Ltd","treutel.kathleen@schuster.net.th","พัฒนาเครือข่ายอย่างไร้รอยต่อ"
"916","Mraz Ltd","mokeefe@johnston.go.th","พัฒนาอุตสาหกรรมเพื่อการเปลี่ยนแปลง"
"917","Lindgren Ltd","letitia.cormier@hermann.or.th","เชื่อมโยงประสบการณ์ที่มีความหมาย"
"918","Schoen Ltd","nyasia60@kirlin.or.th","พัฒนาอุตสาหกรรมสู่ผู้บริโภค"
"919","Eichmann Ltd","norris60@bernhard.com","เชื่อมต่อผู้ใช้ที่แข็งแกร่ง"
"920","McClure Ltd","haag.aisha@nitzsche.th","พัฒนาเทคโนโลยีอย่างไร้ที่ติ"
"921","Rempel Ltd","reilly.mertie@block.mi.th","เชื่อมโยงเทคโนโลยีที่สร้างสรรค์"
"922","Nader Ltd","agustina50@collier.ac.th","ส่งเสริมโครงสร้างอย่างไร้ที่ติ"
"923","Breitenberg Ltd","jaquan.maggio@pollich.com","พัฒนาเนื้อหาคุณภาพสากล"
"924","Kling Ltd","carroll40@cummings.com","สรรสร้างความคิดพร้อมใช้งาน"
"925","Olson Ltd","little.wilton@koelpin.com","เชื่อมโยงอุตสาหกรรมอย่างไร้รอยต่อ"
"926","Hodkiewicz Ltd","ydaniel@rolfson.com","ประสานโครงสร้างพร้อมใช้งาน"
"927","Bogisich Ltd","unique26@mann.ac.th","พัฒนาผู้ใช้อย่างสากล"
"928","Zemlak Ltd","morn@bernier.go.th","เชื่อมโยงประสบการณ์ที่มีคุณค่า"
"929","Watsica Ltd","agleichner@feeney.co.th","เปลี่ยนความคิดที่สร้างสรรค์"
"930","Mayert Ltd","xframi@emard.or.th","สรรสร้างเทคโนโลยีที่มีความหมาย"
"931","Wehner Ltd","ischuppe@moore.co.th","พัฒนาตลาดอย่างมีประสิทธิภาพ"
"932","Schuster Ltd","alfonso.rosenbaum@marks.th","ส่งเสริมสถาปัตยกรรมคุณภาพสากล"
"933","Kris Ltd","tyree.goodwin@jenkins.in.th","ส่งเสริมโครงสร้างสมัยใหม่"
"934","Hahn Ltd","donald92@lockman.co.th","เชื่อมต่อเนื้อหาที่มีความหมาย"
"935","Swift Ltd","parker.zakary@welch.or.th","ประสานผู้ใช้ที่โปร่งใส"
"936","Hudson Ltd","ckoch@murazik.go.th","ส่งเสริมประสบการณ์อย่างไร้รอยต่อ"
"937","Padberg Ltd","xbotsford@conroy.go.th","พัฒนาตลาดที่สร้างสรรค์"
"938","Beer Ltd","vkuvalis@boyer.or.th","พัฒนาความคิดที่มีความหมาย"
"939","Pouros Ltd","oberbrunner.freda@auer.com","พัฒนาเนื้อหาที่มีคุณค่า"
"940","Douglas Ltd","agustin80@moore.com","ส่งเสริมประสบการณ์ที่มีความหมาย"
"941","Stracke Ltd","bthiel@leffler.co.th","เชื่อมต่อระบบอย่างสากล"
"942","Sauer Ltd","nikki85@schmitt.or.th","ส่งเสริมเครือข่ายที่โปร่งใส"
"943","Casper Ltd","hluettgen@koepp.com","เปลี่ยนประสบการณ์ที่สร้างสรรค์"
"944","Quigley Ltd","nils.collins@paucek.com","สรรสร้างเครือข่ายอย่างไร้ที่ติ"
"945","Tillman Ltd","haley.amelie@balistreri.net.th","เชื่อมต่อเทคโนโลยีเพื่อการเปลี่ยนแปลง"
"946","Walter Ltd","yazmin.terry@weber.mi.th","เชื่อมโยงเครือข่ายที่ปรับตัวได้"
"947","White Ltd","casper.lelia@quigley.co.th","เปลี่ยนโครงสร้างเพื่อการเปลี่ยนแปลง"
"948","Jaskolski Ltd","russel.webster@ruecker.ac.th","ประสานโครงสร้างที่น่าดึงดูด"
"949","Franecki Ltd","kylie36@schumm.or.th","เปลี่ยนเครือข่ายอย่างมีประสิทธิภาพ"
"950","Pfeffer Ltd","keaton.wisozk@greenholt.mi.th","พัฒนาตลาดที่มีความหมาย"
"951","Turcotte Ltd","greenholt.deja@robel.com","เปลี่ยนประสบการณ์สู่ผู้บริโภค"
"952","Ferry Ltd","larkin.ladarius@kozey.or.th","สรรสร้างเทคโนโลยีสมัยใหม่"
"953","VonRueden Ltd","huel.berenice@becker.ac.th","เชื่อมโยงตลาดเพื่อการเปลี่ยนแปลง"
"954","Von Ltd","daphney53@gleason.mi.th","เชื่อมต่อเครือข่ายรูปแบบใหม่"
"955","Schowalter Ltd","maggio.dakota@little.go.th","เชื่อมต่อตลาดรูปแบบใหม่"
"956","Harvey Ltd","kaleigh28@sanford.net.th","เปลี่ยนโครงสร้างอย่างมีประสิทธิภาพ"
"957","Sawayn Ltd","nienow.noelia@yundt.go.th","เชื่อมต่อเนื้อหาที่มีความหมาย"
"958","Larson Ltd","hailie.mohr@grant.in.th","เชื่อมต่อเนื้อหา24 ชั่วโมง"
"959","King Ltd","susan.grant@boehm.th","เชื่อมโยงอุตสาหกรรมอย่างมีประสิทธิภาพ"
"960","Cronin Ltd","dickinson.dashawn@reichel.go.th","ส่งเสริมความคิดรูปแบบใหม่"
"961","Spencer Ltd","cassandra66@carroll.in.th","เชื่อมต่อเนื้อหา24 ชั่วโมง"
"962","Grant Ltd","immanuel.thiel@quitzon.in.th","พัฒนาเนื้อหาคุณภาพสากล"
"963","Schaden Ltd","novella23@hodkiewicz.th","สรรสร้างเนื้อหาสู่ผู้บริโภค"
"964","Gislason Ltd","rickey28@bernhard.co.th","เปลี่ยนเนื้อหาอย่างสากล"
"965","Dietrich Ltd","brannon08@raynor.mi.th","พัฒนาตลาดที่ปรับตัวได้"
"966","Ebert Ltd","zbayer@mcglynn.th","ส่งเสริมเนื้อหาสมัยใหม่"
"967","Kuvalis Ltd","zjakubowski@smitham.ac.th","เชื่อมโยงความคิดที่สร้างสรรค์"
"968","Oberbrunner Ltd","fritsch.lucius@gusikowski.com","สรรสร้างผู้ใช้อย่างมีประสิทธิภาพ"
"969","Runte Ltd","mkertzmann@eichmann.mi.th","สรรสร้างโครงสร้างรูปแบบใหม่"
"970","Breitenberg Ltd","idella.moen@veum.ac.th","เปลี่ยนผู้ใช้ที่สร้างสรรค์"
"971","Renner Ltd","ytowne@schamberger.com","ประสานตลาดเพื่อการเปลี่ยนแปลง"
"972","Orn Ltd","johnston.orpha@boyle.in.th","เปลี่ยนอุตสาหกรรมพร้อมใช้งาน"
"973","Swift Ltd","keeling.reginald@wilkinson.or.th","สรรสร้างผู้ใช้อย่างไร้ที่ติ"
"974","Mante Ltd","verner.vonrueden@klein.in.th","เชื่อมต่อเครือข่ายอย่างมีประสิทธิภาพ"
"975","Jerde Ltd","guadalupe12@carroll.go.th","พัฒนาผู้ใช้ที่มีความหมาย"
"976","Kling Ltd","kendall25@ondricka.or.th","เชื่อมโยงเครือข่ายสมัยใหม่"
"977","Harris Ltd","qfritsch@wehner.net.th","พัฒนาโครงสร้างพร้อมใช้งาน"
"978","Leannon Ltd","rmcclure@grimes.com","พัฒนาเครือข่าย24 ชั่วโมง"
"979","Green Ltd","tyrell.olson@dubuque.ac.th","ส่งเสริมเทคโนโลยีอย่างไร้รอยต่อ"
"980","Stoltenberg Ltd","webster.kunde@macejkovic.th","เปลี่ยนเนื้อหาที่มีคุณค่า"
"981","Witting Ltd","xtreutel@wolf.in.th","เปลี่ยนโครงสร้างพร้อมใช้งาน"
"982","Breitenberg Ltd","greenholt.adelbert@schneider.ac.th","เชื่อมโยงโครงสร้างเพื่อการเปลี่ยนแปลง"
"983","Hoppe Ltd","shany.stiedemann@jacobson.or.th","สรรสร้างผู้ใช้24 ชั่วโมง"
"984","Hegmann Ltd","kchamplin@muller.mi.th","เปลี่ยนเนื้อหารูปแบบใหม่"
"985","Schmidt Ltd","jack.ziemann@miller.or.th","เชื่อมต่ออุตสาหกรรมที่น่าดึงดูด"
"986","Huels Ltd","hershel93@gislason.co.th","เชื่อมโยงเนื้อหารูปแบบใหม่"
"987","Hayes Ltd","dmckenzie@pagac.mi.th","สรรสร้างอุตสาหกรรมอย่างสากล"
"988","Greenfelder Ltd","jonathan.lindgren@farrell.th","สรรสร้างสถาปัตยกรรมเพื่อการเปลี่ยนแปลง"
"989","Streich Ltd","tziemann@weissnat.net.th","พัฒนาระบบคุณภาพสากล"
"990","Hoeger Ltd","volkman.breanna@thiel.net.th","เชื่อมโยงเครือข่ายคุณภาพสากล"
"991","Reichel Ltd","cordie.wiegand@lind.in.th","สรรสร้างเทคโนโลยีที่น่าดึงดูด"
"992","Jast Ltd","arvid.treutel@wiegand.net.th","เชื่อมโยงโครงสร้างสมัยใหม่"
"993","McDermott Ltd","witting.emie@cruickshank.in.th","เชื่อมโยงเครือข่ายสู่ผู้บริโภค"
"994","DuBuque Ltd","kassulke.alta@mante.co.th","เชื่อมโยงสถาปัตยกรรมเพื่อการเปลี่ยนแปลง"
"995","Jast Ltd","mckayla77@adams.th","เชื่อมโยงความคิดรูปแบบใหม่"
"996","Terry Ltd","darrin.rogahn@rutherford.in.th","ส่งเสริมประสบการณ์อย่างสากล"
"997","Zboncak Ltd","tturner@larson.th","ประสานเทคโนโลยี24 ชั่วโมง"
"998","Bashirian Ltd","sophia40@heaney.or.th","เปลี่ยนอุตสาหกรรมที่สร้างสรรค์"
"999","Kirlin Ltd","fwaelchi@wisozk.or.th","สรรสร้างผู้ใช้อย่างมีประสิทธิภาพ"
"1000","Durgan Ltd","marielle31@rice.ac.th","เปลี่ยนประสบการณ์อย่างมีประสิทธิภาพ"