id,fake-company-name,company-email,belasting-toegevoegde-waarde
"1","Ellis Jorrisen NV","gruijl.elizabeth@marceron.com","NL475391289B78"
"2","Hoekstra","dina.heijman@dekoning.nl","NL386288753B10"
"3","Klerks","fatima30@vandermeer.com","NL156924409B77"
"4","Schokman","sofie.schenkel@vannederlotharingen.nl","NL625211420B35"
"5","Vos Specht","senn21@verbeeck.com","NL156387716B39"
"6","van Hulten Bosch BV","cicek.pim@vanderloo.com","NL793227379B93"
"7","van Olst","lizz87@vanbeieren.nl","NL790206470B60"
"8","Sanders","lana.vandenbrink@kleinepier.com","NL415244648B15"
"9","Vervoort","rens.scholten@evers.com","NL300648591B86"
"10","Kuipers & Zn","janna47@vansalm.com","NL223976489B22"
"11","de Graaf","bram.visser@demirci.net","NL168199793B95"
"12","Bosman","vierdag.evy@ariens.com","NL789677491B62"
"13","Aziz","fien.scholten@fredriks.nl","NL457871531B35"
"14","de Ruiter Mijsberg BV","imijsberg@autar.nl","NL263272048B89"
"15","Köse CV","gansnebgenaamdtengnageltotbonkenhave.jack@mol.org","NL986281333B61"
"16","Roukes Mohammad NV","mason22@vandenbrink.com","NL936590734B38"
"17","Doris Bin Sijlvanus CV","lizz69@vandoorn.nl","NL314583319B61"
"18","Jacobs","elin.dejong@dekoning.com","NL231682205B60"
"19","Sardjoe Stichting","pdemirel@badal.nl","NL388447338B70"
"20","Farah","escholten@autar.nl","NL174744452B18"
"21","van der Pol Bezemer CV","delarivebox.kyra@willemsen.nl","NL428564196B89"
"22","Segerszoen","rdevries@yalcin.com","NL276259827B32"
"23","Peeters","vangils.benthe@vandevelde.com","NL641773391B86"
"24","Arts","vanbeek.jennifer@ramos.org","NL996703175B65"
"25","Post VOF","jente.willemsen@vanderpol.nl","NL171548927B90"
"26","van de Wal","pboer@bresse.com","NL871727956B14"
"27","Winnrich & Zonen","coretcoredo.nadia@springintveld.org","NL933812353B48"
"28","Güneş","heribertvanlaon.lindsey@vroegindewei.nl","NL421493903B28"
"29","van den Velden Hazenveld & Zn","oscar12@holthuis.com","NL823070940B19"
"30","Smits Kuiper & Zn","dion66@meyer.nl","NL794436563B53"
"31","Brouwer","vanderpol.vajen@uysal.com","NL817186371B66"
"32","Rahajoe genaamd en geschreven ten Kate","vandepavert.fabienne@aziz.com","NL313419167B82"
"33","Steinmeiern","slematelot@yildiz.nl","NL424413946B61"
"34","de Koning Stichting","sam.jan@weijters.nl","NL715134433B86"
"35","Pham Mercks LLP","weeldenburg.chloe@bulut.nl","NL617751541B14"
"36","van Doorn de Groot CSL","kleguit@vandebrink.net","NL168924997B44"
"37","van der Velden SE","lola30@totwiller.nl","NL534775571B95"
"38","Dekker","sami03@bosch.nl","NL874835232B92"
"39","Bosch EESV","justin05@vanverdun.com","NL815819444B22"
"40","de Boer EESV","hagendoorn.amina@soos.nl","NL729453113B35"
"41","van Bergen","ella68@lommert.com","NL184804906B82"
"42","Sardjoe Biharie VOF","rick.vanginneke@dehoog.nl","NL945071975B93"
"43","Keskin","liza.boer@mahabier.com","NL575124034B20"
"44","Kurt van den Berg & Zn","mila.vosspecht@vanbragt.com","NL773595595B17"
"45","Pison","vannederlotharingen.aaliyah@vanderven.nl","NL432447142B61"
"46","Kuiper CV","ninthe.mudden@bos.com","NL374987460B46"
"47","van der Velde Keskin CSL","celik.rafael@veenendaal.nl","NL577478654B19"
"48","Ariens Ansems van Wijk CV","joey27@bos.nl","NL811599091B65"
"49","Özdemir","kuipers.fien@mudden.nl","NL190489548B36"
"50","van Clootwijck & Zn","wzhou@maas.nl","NL414074990B49"
"51","Vos Specht CV","britt22@yilmaz.nl","NL639448752B11"
"52","Bos CV","vanbeek.mats@vandenpol.net","NL315765577B51"
"53","le Floch & Zn","ewolters@slingerland.nl","NL998522935B52"
"54","van den Brink Steenbakkers BV","joshua50@debruin.nl","NL289694413B91"
"55","Jacobs","feline93@deroos.net","NL969688515B66"
"56","Wolters EESV","lorenzo.geerman@malik.net","NL267642608B75"
"57","Heinrichs","jansen.riley@dekker.com","NL690863732B10"
"58","Lathrope","boer.merle@bleijenberg.nl","NL306059122B77"
"59","van Loon Texier VOF","hyalcin@vanderhorst.com","NL173205866B46"
"60","de Graaf van Jumiège EESV","ubadal@zaal.nl","NL785958050B80"
"61","Kijk in de Vegte","ozkan.suze@vanengeland.nl","NL495452343B89"
"62","Bresse BV","loek.dekoning@deboer.nl","NL200387179B43"
"63","Farah","kvanhoevelenvanzwindrecht@vandeeerenbeemt.com","NL297185424B11"
"64","Uphuis Gemen IBC","alicia.cakir@mohamed.nl","NL780438513B81"
"65","Sahin Kiliç CSL","qschipper@unal.com","NL331008070B21"
"66","Lonen Stichting","adam63@salet.nl","NL694588340B77"
"67","van der Pol","rosalie41@vroegindewei.nl","NL727052744B86"
"68","van 't Wel EESV","juul86@bos.net","NL633297839B58"
"69","Kuijpers","farah.kyano@dekker.net","NL174620499B65"
"70","Scholten Ahmadi LLP","yasmin43@hellevoort.com","NL295031091B64"
"71","Claesdr","paspoortvangrijpskerkeenpoppendamme.maryam@boer.org","NL213453399B98"
"72","van Loon Stichting","zhang.jordy@loep.com","NL590724544B59"
"73","Bruijne van der Veen Huisman VOF","yara.mohammad@perkins.net","NL428818752B88"
"74","Kurt Niermann & Zn","yramcharan@willems.nl","NL331028262B99"
"75","Bakker CSL","kyan21@houdijk.com","NL225273453B10"
"76","Ponci BV","noah11@vanberkel.nl","NL946824163B28"
"77","van der Ven","vanbeek.amelia@dossantos.com","NL284892090B51"
"78","Schipper","poversteeg@vannoort.org","NL691522658B92"
"79","Puig Demirel NV","ian08@kalloe.nl","NL185923312B64"
"80","Jasper dr Schipper IBC","vos.ties@vanderheyden.com","NL931537485B98"
"81","van der Velden & Zn","tristan38@mohamed.org","NL374873559B69"
"82","Yalçin & Zn","sophie38@timmermans.com","NL317336912B48"
"83","Charon","keskin.jari@vanluin.org","NL668639497B60"
"84","Bakker","tdejonge@vangoerle.nl","NL925354331B18"
"85","van Voorst","ndijkstra@postma.com","NL855147665B39"
"86","Grondel","ilse.vanderlaan@smits.com","NL800154593B52"
"87","von Heinrich d'Omóróvicza Sardjoe SE","cornelia23@stange.nl","NL176999919B65"
"88","Koçak Stichting","mramlal@korsman.com","NL122739331B77"
"89","Peters NV","pham.sam@bosch.org","NL110453862B93"
"90","Marchal CV","dejonge.wesley@vanderhorst.com","NL389230892B45"
"91","Ali","qgiselmeyer@huisman.nl","NL234060516B87"
"92","Bulut LLP","erdogan.silke@middelkoop.com","NL775074268B94"
"93","van der Meer SE","jesper.veenstra@devos.com","NL854638469B94"
"94","Wunderink EESV","qboer@vandeberg.com","NL815333280B17"
"95","Hulskes","olykan.sander@vandermast.org","NL253053234B49"
"96","de Ruiter Blom & Zn","silke73@degroot.com","NL543973729B38"
"97","Aslan","lbadal@lijn.com","NL310935353B14"
"98","Şahin LLP","nathan.aslan@willems.org","NL110044955B41"
"99","van den Heuvel LLP","vbosman@perrono.org","NL181917339B19"
"100","Hussein van Beek CV","jayda63@schelvis.com","NL471801340B41"
"101","Uzun","noa62@polat.org","NL284673605B92"
"102","Rotteveel","tkuiper@neuteboom.net","NL142733808B40"
"103","Schrik Mol Stichting","koen39@mangal.nl","NL970411325B49"
"104","Bakker Schroeff SE","owen.peters@room.nl","NL682411478B59"
"105","van der Velde VOF","jason19@simons.nl","NL284394923B59"
"106","Meyer","luc67@dejong.nl","NL564723814B24"
"107","van der Heyden","wsoekhoe@vos.nl","NL450687917B59"
"108","Courtier","qvandenbroek@lafleur.com","NL513252060B77"
"109","van Beieren","merijn55@demir.com","NL274621696B69"
"110","Scholten","coretcoredo.jill@ketel.org","NL622593307B30"
"111","Pratt","bram50@malik.nl","NL121066804B14"
"112","Ali","sami29@deboer.org","NL779611772B49"
"113","Kuiper NV","ozkan.evie@vandenbroek.com","NL561566578B70"
"114","Genefaas","dossantos.lize@vandenvelden.com","NL814624925B80"
"115","Mol","gijs92@meyer.nl","NL705749568B61"
"116","Bouthoorn","apostma@malik.com","NL751267413B23"
"117","Kolster EESV","vcharon@vannes.com","NL110288840B37"
"118","van Noordeloos","evelien.degruijl@janszmuskustepasque.nl","NL238145077B70"
"119","Briere","tijn07@terwaarbeek.com","NL487975656B43"
"120","Kramer","nora.prins@vanwallaert.nl","NL416606621B75"
"121","van de Wal","joris06@vandeven.com","NL813289425B33"
"122","Mohamed IBC","nollee.wessel@broeckx.net","NL917290514B89"
"123","Smit","vajen.vanhulten@vanderhorst.com","NL325385647B13"
"124","François","ilse.degroot@vanderhorst.nl","NL110504000B67"
"125","Otte van der Steen EESV","sgoudriaan@godfreyvanalemannie.net","NL858755219B70"
"126","van Leeuwen Bartels LLP","demirel.nisa@vandevelden.com","NL759306404B47"
"127","Kuipers CSL","brouwer.dylan@vandam.org","NL406066366B23"
"128","van de Veen","fay.guler@vanderpol.com","NL975118988B38"
"129","van Dongen Haack CSL","kaylee.vandepol@vangelder.nl","NL334807859B79"
"130","van Beek Aktaş SE","juul.deleeuw@vanleeuwen.nl","NL566889732B85"
"131","van den Broek van der Flaas & Zonen","brizee.kayleigh@verhagen.nl","NL678262722B78"
"132","de Boer","muhammed.vanveen@hoekstra.com","NL611549025B97"
"133","Maas Sprong VOF","ypham@schellekens.com","NL511637608B40"
"134","Willemsen","floortje86@vandam.net","NL508695761B54"
"135","van der Wal","simon.verhoeven@ramlal.com","NL732192447B18"
"136","van den Velden Dircken LLP","lynn.dries@ramlal.com","NL195918012B21"
"137","van Dijk","gjanga@jacobs.net","NL861762556B47"
"138","van Kusen LLP","roos.sahin@groen.net","NL112158741B70"
"139","Koster","pdejong@ismail.nl","NL413762707B97"
"140","Lamore","koster.lucy@postma.com","NL198472822B22"
"141","Willemsen SE","dekker.noortje@charon.nl","NL107626291B54"
"142","Driessen","rdebruin@kramer.nl","NL293219247B51"
"143","Boddaugh","mohamed.vanderlaan@vanjumiege.com","NL455195020B32"
"144","Horrocks Stichting","amin.neuzerling@winklaar.com","NL986891257B18"
"145","Özdemir","meike26@hoppenbrouwer.com","NL126673248B60"
"146","van de Velden de Vos Stichting","jade.glasses@vandalem.net","NL472694295B77"
"147","van der Linden Winklaar IBC","tycho16@ozdemir.com","NL582416066B66"
"148","van der Meulen NV","mroosenboom@celik.com","NL762784317B69"
"149","Özdemir & Zn","pkoster@kuijpers.net","NL848144924B13"
"150","van Dam","ldogan@dekoning.nl","NL815052326B51"
"151","El Idrissi IBC","heinrichs.job@tran.nl","NL473034337B44"
"152","van Daal IBC","nvanderveen@vandagsburg.nl","NL145970098B68"
"153","Groen","gerrit88@guler.com","NL661833919B84"
"154","Arent VOF","rdekoning@verbeek.org","NL739387804B30"
"155","van Orleans CV","vhuisman@vandeven.net","NL579217108B99"
"156","de Lange van der Spaendonc SE","blatier@kuijpers.nl","NL250868193B80"
"157","Stook","cdeboer@loukili.com","NL432111128B95"
"158","Prins","vermeulen.wesley@jacobs.nl","NL598730369B94"
"159","van Wijk","roan28@dewit.net","NL267016246B68"
"160","van den Velde","pmangal@vandenbrink.com","NL201046013B91"
"161","Soos Uysal CV","lois88@dehaan.com","NL129774015B10"
"162","Oda","meeusen.rafael@vanegisheim.com","NL703249768B67"
"163","van Brenen","cato.vandebrink@soekhoe.org","NL556014226B59"
"164","Ehlert","lukas.kwaadland@arslan.net","NL765315124B56"
"165","Berends","huisman.kay@vanvermandois.nl","NL506257000B93"
"166","Simons","paspoortvangrijpskerkeenpoppendamme.rowan@devos.nl","NL317104230B94"
"167","van der Meulen","fien.sambo@cakir.org","NL628215139B87"
"168","Vos van den Broek NV","nlematelot@vos.net","NL410604486B86"
"169","Hassan de Lange IBC","jasper.smit@zhou.com","NL890320202B56"
"170","Ramos BV","bmulder@hoogers.com","NL277993488B22"
"171","de la Fontaine und d'Harnoncourt Unverzagt de Nijs EESV","lana65@dehaan.com","NL674473685B96"
"172","van Dam Janssen LLP","evers.matthias@bosch.com","NL953232120B36"
"173","Hermans van der Spaendonc CV","nina.maas@vandervelde.com","NL807519536B40"
"174","Köster","jasper05@vandernoot.com","NL346040298B27"
"175","Janssen","gijs49@veenstra.net","NL187204671B42"
"176","Peeters van Venrooy SE","julia.vandongen@vanderhorst.net","NL833357583B46"
"177","Blom IBC","mohammad.wesley@loep.com","NL361676026B53"
"178","van den Brink","jolijn.vanmunster@winklaar.net","NL151384669B18"
"179","le Floch","kverda@polat.com","NL730353770B47"
"180","van der Velde","ozer.lot@bosch.nl","NL904623419B80"
"181","van Oirschot","bastiaan44@vanderwal.nl","NL780105624B57"
"182","Sanders","wesley.vink@vannortheim.com","NL384311835B38"
"183","Yavuz Polat IBC","imran.timmermans@kremer.com","NL272370939B55"
"184","van den Berg Kuijpers & Zonen","luc59@gellemeyer.nl","NL748686329B30"
"185","Middelkoop Keskin VOF","carlijn49@ahmadi.net","NL843857897B17"
"186","Farah VOF","yhenriquez@hussein.com","NL152434065B12"
"187","Vos Specht","tyler.dekker@vandongen.net","NL473498661B61"
"188","van den Berg","fkok@sahin.com","NL571512927B91"
"189","Schipper Tahiri & Zonen","rvandevelden@elidrissi.nl","NL782419067B68"
"190","Smit Huijs CSL","vandeven.naomi@wright.com","NL763015444B14"
"191","Hemma Yavuz CSL","tpeeters@vanderheyden.com","NL901818217B80"
"192","Martena van Burmania Vegilin van Claerbergen","ujacobs@rijcken.nl","NL657084549B61"
"193","Hendriks","lois.cadefau@willemsen.nl","NL243330774B54"
"194","Dubbeldemuts van der Sluys","ahofman@jansen.com","NL169596961B66"
"195","Muller","cicek.elias@marceron.nl","NL463110070B24"
"196","Nguyen Moussaoui CV","julius.slingerland@charon.com","NL577069488B64"
"197","Nguyen","david.nihoe@bos.com","NL729569674B16"
"198","Ruijs","lvermeulen@vandervelde.com","NL738916310B18"
"199","Veenstra","kbrouwer@woutersvaneijndhoven.nl","NL532302675B71"
"200","Dachgelder","julian59@boer.nl","NL688706667B64"
"201","van Bruchem","umaas@kocak.net","NL515469311B63"
"202","Winklaar VOF","sterre.vanbeek@borman.nl","NL299864514B75"
"203","van Este Mohamed Stichting","peters.gerrit@sahin.nl","NL847228546B35"
"204","Nguyen","gdircken@vandenvelde.com","NL698425425B94"
"205","Smits Cammel CV","quinn.soekhoe@aarts.nl","NL118568453B46"
"206","van der Laan & Zn","saxo.pippa@kok.com","NL827437070B67"
"207","Meijer van den Henst & Zonen","alyssa60@demir.com","NL802143151B59"
"208","Bresé Uzun & Zonen","kai50@smit.com","NL194749613B15"
"209","Demir & Zn","hjonker@vancuijck.com","NL843334732B96"
"210","Öztürk","lsmits@vanzwaben.com","NL135591754B14"
"211","van den Brink","vwillemsen@huisman.nl","NL185979996B96"
"212","Gerrits","aimee86@aslan.nl","NL812376358B56"
"213","van de Wal Biharie CV","fdejonge@lopes.org","NL289235371B45"
"214","Verbeek","chloe36@smeets.nl","NL608789659B40"
"215","van Mook EESV","kortman.hannah@lafleur.com","NL383854162B67"
"216","Rehorst","nina85@reimes.nl","NL749332791B21"
"217","de la Rive Box van Leeuwen EESV","sreijers@ramcharan.nl","NL368485331B21"
"218","van der Heiden Mohan SE","fenna96@vanengelen.nl","NL854151883B34"
"219","Huijzing & Zonen","loek.rijn@vanschevinghuizen.com","NL399987406B43"
"220","Köster Mulder Stichting","schwartsbach.owen@deleeuw.com","NL704321491B79"
"221","van den Broek VOF","meyer.vajen@hussein.net","NL506714982B32"
"222","Sanders Vos Specht IBC","vandongen.danique@dossantos.org","NL881405952B99"
"223","van Bernicia","pippa94@holthuis.nl","NL267197217B17"
"224","van 't Erve BV","nina.chotzen@vandenoever.com","NL151934387B17"
"225","van Dalem","svangeenen@lorreijn.nl","NL693813099B47"
"226","van Orleans IBC","jacob53@momberg.nl","NL372733284B12"
"227","Veenstra","job90@vanhenegouwen.com","NL654812055B15"
"228","van de Darnau Dubbeldemuts van der Sluys CV","spiegelmakerspanjaard.sterre@vanderpol.com","NL336383585B36"
"229","Grinwis Plaat Stuitjes","vandevelde.pim@huisman.org","NL586399383B85"
"230","Kalloe SE","vanderstaeldejonge.emma@dekker.org","NL230355764B52"
"231","Can IBC","kvandervelden@werdes.net","NL470337854B54"
"232","Keskin Zhang & Zn","stefan.vandervelde@korkmaz.nl","NL284009023B82"
"233","Marchand CSL","karlijn97@loukili.org","NL334707872B78"
"234","van Mare LLP","yinthe.vandeven@bosch.net","NL787270796B65"
"235","de Jong BV","yloukili@depauw.nl","NL430915511B64"
"236","van der Velden","deleeuw.ian@wipstrik.org","NL133172165B42"
"237","Janga","molenaar.ryan@vos.com","NL109257849B65"
"238","d' Heripon CV","muhammed23@serra.com","NL557880514B67"
"239","The Elder IBC","nvanvliet@vanderven.nl","NL483916992B76"
"240","van den Broek IBC","wcicek@winklaar.org","NL598340315B60"
"241","Ismail Stichting","sdegratie@aalts.com","NL130211257B65"
"242","Niermann","anne.debruyn@le.com","NL482140736B17"
"243","van der Linden","madelief96@ramcharan.net","NL881663161B10"
"244","Uysal","mahabier.wesley@carnotte.nl","NL285663357B30"
"245","van der Wal & Zn","lizz72@werdes.org","NL139918871B87"
"246","Çelik","ypostma@vanschweinfurt.net","NL501102797B26"
"247","de Groot","lize81@boer.nl","NL610723342B80"
"248","Zevenboom EESV","duuk42@vanhagen.nl","NL330610661B65"
"249","Koçak IBC","hhussein@kuijpers.com","NL285162329B89"
"250","van den Bosch Sahin IBC","hozkan@vanloon.com","NL164308794B14"
"251","Draaisma EESV","yellis@vannederlotharingen.com","NL872122129B70"
"252","Vos Specht Mohan IBC","vandenoever.jens@celik.nl","NL219330053B95"
"253","van Leeuwen Sanders IBC","nisa.deleeuw@dehaas.com","NL827802208B36"
"254","Kolster","yinthe.vandenvelden@vanderven.nl","NL765464432B12"
"255","Jacobs","jorn.bosman@lijn.nl","NL969151220B18"
"256","Coşkun CV","pvandenheuvel@merkx.nl","NL118529510B91"
"257","Narain","mohamed.sambo@vandermeulen.nl","NL496486853B88"
"258","Keskin van der Velden CV","tdebruin@cornelisz.org","NL144311008B69"
"259","Ariens Ansems de Groot Stichting","vandermeer.juliette@vanderwal.com","NL923096232B58"
"260","Willems le Matelot SE","fleur35@wendt.net","NL650518770B69"
"261","Steenbeek","mette52@scholten.nl","NL223404208B22"
"262","Kruns & Zonen","shendriks@dubois.nl","NL790172362B87"
"263","van de Wal","indy.vanduyvenvoorde@oosterhout.org","NL835312754B52"
"264","Tamsma de Bruin Stichting","tijn48@vanvliet.org","NL529812685B64"
"265","van Dam","devries.ize@vandijk.net","NL644101384B69"
"266","de Groot","philip.steinmeiern@springintveld.com","NL517690640B38"
"267","Bosman Mudden Stichting","kuiper.sienna@aktas.nl","NL170767975B28"
"268","van de Velden","mcoskun@deleeuw.com","NL987107170B17"
"269","Labado","noud77@turan.nl","NL702721905B76"
"270","Niermann","ariens.bart@dehaan.org","NL254328631B19"
"271","Bozkurt","vandenbroek.lise@vanvlaanderen.net","NL200904665B53"
"272","van Ooyen","tygo57@verbeek.org","NL918800942B53"
"273","van der Linden","qvandermeulen@uysal.com","NL777190160B41"
"274","van 't Houteveen","james36@kof.com","NL482322365B10"
"275","Yildirim","dekoning.ecrin@vantours.com","NL629856159B34"
"276","Schouten","devos.damian@oemencs.com","NL134405375B33"
"277","Sanders van Spreeuwel Stichting","marinus.vandermeulen@pastoors.com","NL583206467B30"
"278","van Berkum","lena11@meijer.nl","NL476713219B93"
"279","Bos VOF","johannes76@sanders.org","NL329749638B60"
"280","van den Velden van den Bosch NV","chloe59@geldens.com","NL202243692B71"
"281","de Korte","mvanloon@willemsen.nl","NL298046157B89"
"282","Jansen","james.rijks@vonfrijtagdrabbekunzel.nl","NL685888807B96"
"283","Koç Mol IBC","uysal.evelien@deboer.net","NL705850078B15"
"284","Verhoeven CV","sebastiaan.langevoort@goderts.com","NL416754625B29"
"285","Prins","aaliyah66@veltman.com","NL134847222B58"
"286","de Wit SE","alex63@brouwer.com","NL813588968B33"
"287","de Ruiter CV","tessa.dehoog@steenbakkers.com","NL347362638B65"
"288","Shupe","gerritsen.dani@douglastotspringwoodpark.com","NL920757594B84"
"289","Room","xavi.post@vink.com","NL101190039B68"
"290","Wever IBC","bulut.joep@mohan.net","NL886814662B32"
"291","Nollee","zuidweg.zoey@vandenbrink.com","NL940481188B85"
"292","Garret","peeters.nikki@vandervelden.org","NL519234955B50"
"293","Blom Peters Stichting","uyalcin@verhoeven.net","NL666642186B90"
"294","de Swart","debruin.jet@freshour.com","NL403850252B25"
"295","van der Velden NV","kalman.stef@vandevelden.com","NL336182949B51"
"296","van der Heyden & Zn","nfurda@smit.com","NL365628327B85"
"297","de Graaf Geerman Stichting","hugo.schouten@melet.com","NL551966983B92"
"298","van der Laarse","arie61@vos.nl","NL738492700B34"
"299","Mulders Wolters BV","luca55@abdi.com","NL329657460B41"
"300","Dubbeldemuts van der Sluys Korsman & Zonen","vandewiel.roan@butselaar.org","NL193730401B18"
"301","Nguyen","tyler.degroot@uphus.nl","NL741637036B27"
"302","Kuiper","lena.erdogan@vanberkum.nl","NL372310942B77"
"303","van de Brink CV","vanleuven.anne@vandebrink.org","NL815985900B83"
"304","Mol","colin57@bierstraten.nl","NL760191386B77"
"305","Prins Stichting","lina.mol@vermeulen.nl","NL355624899B30"
"306","Polat","qvandongen@ramlal.com","NL754071084B83"
"307","Erdoğan Turan & Zonen","zeynep.vanoirschot@vanduyvenvoorde.net","NL915200417B35"
"308","van den Wittenboer van den Berg Stichting","merijn.lopes@coskun.nl","NL150432152B52"
"309","van der Kaay Çelik LLP","ckijkindevegte@kijkindevegte.net","NL463449518B27"
"310","Driessen","vanvliet.quinty@spanhaak.com","NL965215725B44"
"311","Oosterhek Hellevoort IBC","hlematelot@vandenbroek.nl","NL335555282B81"
"312","de Bruyn & Zonen","soekhoe.lara@noordijk.com","NL441070369B85"
"313","Zum Vörde Sive Vörding","pim.hendriks@debont.nl","NL634373295B81"
"314","van den Pol","ouwerkerk.dave@dekoning.com","NL120514406B91"
"315","van Dam","odeleeuw@smit.net","NL404568863B87"
"316","Özdemir","mare93@meyer.com","NL690015394B73"
"317","Scheffers Vandenbergh IBC","aaliyah33@persijn.com","NL220138406B75"
"318","Brouwer","louise84@vanderven.com","NL923855147B45"
"319","Molenaar","vigo.zevenboom@vanlaarhoven.nl","NL680679507B56"
"320","Can","demirel.lana@janssen.nl","NL240577376B67"
"321","Tammerijn","fcelik@bosman.net","NL290340309B53"
"322","van Loon","oramautar@vanderlaan.nl","NL534508598B94"
"323","Scholten","hperrono@jacobs.org","NL913083867B39"
"324","Bresé","thomas.ramos@schipper.org","NL580207143B98"
"325","Timmermans SE","ukoningknol@uysal.org","NL497965833B82"
"326","van den Heuvel CV","dijkstra.david@coenen.com","NL493185931B15"
"327","van Leeuwen","merle.debacker@dewit.com","NL917762624B91"
"328","Janssen CV","amira.verbeeck@vandermeulen.com","NL591913835B98"
"329","de Bruin Spruit CSL","ella.bartels@tillmanno.nl","NL508388826B39"
"330","van der Ven","vandenbosch.gijs@kuiper.com","NL922083126B73"
"331","Smeets Koning LLP","zvandam@molenaar.net","NL255739478B24"
"332","van der Lede Butselaar IBC","hendriks.evi@vanderlinden.com","NL101434680B20"
"333","Estey","tdejonge@brievingh.org","NL365709157B57"
"334","Maas","maud44@dekoning.nl","NL460392152B73"
"335","Romijn Wildschut Stichting","aprins@lathrope.com","NL375103178B63"
"336","Narain","cvanderlinden@grinwisplaatstuitjes.com","NL818964300B43"
"337","Lopes","hluitgardisvanneustrie@jacobs.nl","NL904309777B30"
"338","die Pelser Stichting","fhuisman@dejonge.com","NL998573194B46"
"339","Gemen BV","fabienne.turan@bosman.nl","NL236219474B28"
"340","Blom","gpolat@deboer.com","NL567007664B81"
"341","de Wit Lopes LLP","benthe96@zijlemans.nl","NL749896590B35"
"342","van Dijk","ykuipers@vandepol.com","NL424691974B71"
"343","Bastiaense Stichting","vvanterve@vandennuwenhuysen.nl","NL120462307B29"
"344","Hofman VOF","dean94@dekker.nl","NL984163336B61"
"345","Zijlmans IBC","agenefaas@koningknol.com","NL440701820B77"
"346","van Wijk","gvanleeuwen@ismail.nl","NL475547869B14"
"347","Hoekstra","hoekstra.maja@adriaense.net","NL487359451B12"
"348","de Groot Zowran von Ranzow BV","schouten.chloe@vanholland.nl","NL157397747B82"
"349","Zowran von Ranzow","thatcher.iris@vanbeeck.org","NL907756142B30"
"350","Turan Sardjoe NV","rnarain@vandeneijssel.nl","NL639522498B80"
"351","Flink","hofman.fien@demir.org","NL561423195B22"
"352","Smits","kevin.vandenhenst@meis.org","NL656755061B86"
"353","Smit CV","dylano91@janszmuskustepasque.org","NL902448592B28"
"354","Gerritsen Yilmaz SE","pvanderheijden@vannoordeloos.nl","NL844347215B42"
"355","Kok de Groot IBC","jet.veenstra@moet.com","NL823371625B99"
"356","Takkelenburg","okuiper@devos.nl","NL246477724B27"
"357","Kwaadland Molenaar CV","wvandeneijssel@vanderhorst.com","NL444989658B87"
"358","Mol","tirza.vanloon@vanderstrigt.com","NL100722437B17"
"359","Winklaar","dejong.dirk@zueriusboxhornvanmiggrode.nl","NL931960501B98"
"360","Bruynzeels Stamrood LLP","alicia57@mansveld.com","NL823912324B86"
"361","van den Eijssel","mare51@gruijl.com","NL843752214B39"
"362","Mathol","ivanleeuwen@vandenbrand.nl","NL837976049B37"
"363","Phillipsen CSL","coret.lize@vos.nl","NL395087216B20"
"364","Hooi","cato52@erdogan.com","NL355837003B39"
"365","Bulut","anouk.ozdemir@peters.nl","NL463500553B93"
"366","Kiliç van Dam BV","lukas.deboer@vermeulen.nl","NL434507959B77"
"367","Kuipers","koen67@bos.com","NL580268113B46"
"368","Yüksel van de Pol CV","alexander.vandeleemput@vandeklashorst.nl","NL910365396B44"
"369","van der Linden CV","mart85@sital.com","NL435508789B10"
"370","van Orleans CV","mette.vandenheuvel@debruyn.com","NL321425238B57"
"371","Wensen","dejong.dani@dachgeldt.org","NL426213769B89"
"372","Wolters IBC","ovandenheuvel@vink.nl","NL108446172B86"
"373","Chrodtrud LLP","rvandebrink@hofman.net","NL712194162B52"
"374","van Suinvorde","ddegraaf@vanmaasgouw.com","NL215220849B68"
"375","van den Bosch CV","aimee44@emmen.nl","NL333605150B16"
"376","van den Heuvel & Zn","vandoorn.mason@peeters.com","NL279007046B30"
"377","Janssen BV","cbroekhoven@vanderpol.nl","NL115476599B95"
"378","van der Velden","mahabier.alicia@vanduvenvoirde.nl","NL748616249B30"
"379","Stinis Janssen LLP","yhendriks@kamp.net","NL753528576B66"
"380","van Wallaert van de Wal SE","daan60@vanveen.com","NL390540652B70"
"381","van Boulogne SE","fien.evers@vandeberg.net","NL838690293B21"
"382","van den Heuvel Yildiz EESV","vandenheuvel.berend@vink.nl","NL460127974B76"
"383","Groen","mick61@dekoning.nl","NL257321037B93"
"384","Zhang","aiden48@smith.net","NL547459351B32"
"385","van der Velde","philip.esajas@uzun.com","NL838725724B37"
"386","Zaal Groen LLP","nynke.verheuvel@ozcan.com","NL844675814B35"
"387","Scheffers BV","lankle.elize@brouwer.nl","NL925376085B32"
"388","Meijer","xdriessen@vanderheyden.net","NL666509420B59"
"389","de Haan","yrouwhorst@deleeuw.net","NL197913943B19"
"390","van der Heyden","janne20@scholten.nl","NL789858504B74"
"391","de Haan","ella70@vanhugenpothtotdenberenclauw.com","NL827926097B15"
"392","van Kuijc van Malsen","nikki08@dekeijser.net","NL466633779B67"
"393","Evers","nvandenvelden@hendriks.com","NL549330641B97"
"394","Lensen VOF","unal.madelief@dejonge.com","NL707629213B19"
"395","d' Heripon CV","beau.gunes@ariens.net","NL701534879B33"
"396","Peters Kuiper LLP","vera.malik@hermans.com","NL526747740B97"
"397","de la Fleche Klerks SE","tekin.sjoerd@aktas.nl","NL150042580B70"
"398","Ismail SE","james.demirci@vandernoot.org","NL949873472B23"
"399","van Veen","josephine.boeser@vandeveen.nl","NL195836651B71"
"400","Boer","tahiri.olivia@ozkan.nl","NL527399413B93"
"401","de Boer","mette.cicek@vanderhorst.nl","NL736324332B68"
"402","Martena van Burmania Vegilin van Claerbergen","smeets.annemijn@maas.nl","NL166679444B56"
"403","Peters Jacquot IBC","sienna.scholten@vonheinrichdomorovicza.com","NL278050637B15"
"404","Peeters CV","wserra@hanegraaff.net","NL392534945B38"
"405","Vergeer","hdesmit@roukes.nl","NL525171631B60"
"406","Dogan Brands CV","esila.martens@kamper.org","NL854348607B21"
"407","Arent","julian28@sahin.com","NL945311415B67"
"408","Peters","beau37@turan.net","NL741624284B94"
"409","Jansen","mirte.spaan@avci.com","NL207904986B98"
"410","Hoes van der Velde EESV","vanderavoirt.janna@lemmens.com","NL595675898B32"
"411","de Bruijn","lois29@jurrijens.com","NL433190670B27"
"412","Schotte","tijs.douglastotspringwoodpark@vignon.nl","NL835053626B69"
"413","Strijker & Zn","jayson56@scholten.org","NL720222847B88"
"414","van der Avoirt","ayoub.peters@vanderheyden.nl","NL959836014B27"
"415","Verkade","janga.maaike@diebont.net","NL678074857B87"
"416","dos Santos","kanhai.jolie@moussaoui.com","NL631276536B30"
"417","Driessen NV","julie45@vandenwittenboer.com","NL362520769B74"
"418","Lutterveld CV","fsteinmeiern@broekhoven.nl","NL155975236B11"
"419","Smits IBC","pveenstra@mohan.nl","NL279223439B80"
"420","Smits","naud29@vanorleans.com","NL866110413B77"
"421","van Santen EESV","nathan78@douglastotspringwoodpark.nl","NL256903644B88"
"422","Ahmadi BV","milan.aydin@otto.org","NL715189910B81"
"423","Akin","icharon@vandongen.org","NL468107947B11"
"424","de Wit Stinis CV","polat.valerie@verhoeven.nl","NL163416049B39"
"425","Kleine Pier & Zn","rgunes@huberts.net","NL348975708B59"
"426","Soekhoe van Dongen EESV","jasmijn.martens@aydin.nl","NL408346592B65"
"427","Groenendaal","lorenzo32@berendse.nl","NL891728965B46"
"428","Kremer VOF","jenna64@demarduras.com","NL462463126B34"
"429","Jansz Muskus te Pasque","johannes.louws@verbeek.nl","NL666975519B69"
"430","Bijlsma","elisa06@vandenbroek.com","NL645501416B33"
"431","Hoeks & Zonen","dwolters@kramer.com","NL707981181B80"
"432","Polat","vosspecht.pippa@guler.nl","NL745456773B67"
"433","Verkade","youssef14@douglastotspringwoodpark.org","NL737745928B48"
"434","Spring in ‘t Veld & Zonen","colin.kramer@vanloon.com","NL140171460B43"
"435","Schipper","wtekin@kocak.net","NL154520184B58"
"436","van der Ven Driessen NV","roodesteijn.julian@verhaar.com","NL918587377B98"
"437","Aarden de Roo VOF","wouter.smit@lopes.nl","NL436109519B17"
"438","Lankle","bvermeulen@hanegraaff.com","NL718659858B29"
"439","Karels Boetet VOF","vanemmelen.saar@wooning.nl","NL924660679B21"
"440","de Kok Meijer EESV","tobias48@janssen.net","NL461141547B91"
"441","van der Spaendonc","zakaria23@ansems.nl","NL156072986B61"
"442","Velderman","maurits.vermeulen@mangel.nl","NL352347290B50"
"443","Blokland Stichting","elize.veenstra@deboer.org","NL813010835B26"
"444","Aslan van den Pol CSL","clabado@bastiaanse.com","NL423665533B62"
"445","Driessen CSL","bram04@turan.com","NL303247635B24"
"446","Oude Heer","sahin.jelte@smit.nl","NL184164410B84"
"447","Tekin BV","lize.dogan@vandenbosch.com","NL726476282B23"
"448","Veenendaal van den Bosch LLP","emily32@mangal.com","NL539241076B34"
"449","Draaisma CV","vhoekstra@molenaar.com","NL678490495B53"
"450","Moussaoui Appelman LLP","tom.diebont@aalts.com","NL571843632B38"
"451","van Loon IBC","tekin.roos@vandoorn.com","NL557107454B56"
"452","Adriaense","celik.kiki@postma.net","NL491085102B39"
"453","Nedermeijer CV","elisabeth.vanloon@bakker.nl","NL680820024B39"
"454","Verhoeven Brisee Stichting","mschouten@ramcharan.org","NL766465775B28"
"455","de Kale van der Wal CV","elisa.uysal@dheripon.com","NL450832966B85"
"456","Polat CV","brian.koc@verbeeck.nl","NL717823577B68"
"457","Drysdale","zhang.jules@goderts.nl","NL444486783B70"
"458","Otto CV","keano86@vandeberg.org","NL277025508B46"
"459","Roukes Frerichs CV","luna.cornelisz@zaal.nl","NL397586837B37"
"460","Gerritsen Le CV","wijland.jorn@lopes.com","NL378769082B12"
"461","Prinsen","backer.jinthe@rahajoegenaamdengeschreventenkate.org","NL153976117B90"
"462","Janga SE","yflink@lopes.nl","NL733428691B98"
"463","Melet CSL","micha.koningknol@vanoirschot.com","NL673758143B90"
"464","van Jumiège Huijbrechts BV","guusje62@dehaan.com","NL546404943B95"
"465","Lorreijn","gvandenhoek@janga.com","NL760238623B56"
"466","Özcan Badal VOF","zakaria55@veenstra.com","NL981445580B94"
"467","Uysal","laura20@vandenberg.com","NL127219558B34"
"468","van Hamaland CV","jade.lamotte@vanderveiver.nl","NL681158811B32"
"469","Paspoort van Grijpskerke en Poppendamme CV","pmol@kose.net","NL330968248B94"
"470","van der Berg","finn.vandeberg@vanderstaeldejonge.com","NL835543815B71"
"471","Uzun CV","hugo24@mohamed.com","NL548751366B83"
"472","Akin de Bruin VOF","mohamed.vandongen@garret.nl","NL692623443B36"
"473","Bulut SE","hofman.sten@suijker.com","NL350111130B88"
"474","van der Ven","yvanderheyden@turan.com","NL807647795B77"
"475","van der Laan SE","jorn.vandersmeede@arslan.nl","NL435849453B14"
"476","Wolters","fedde92@degraaf.org","NL600623817B83"
"477","van de Ven","verbeek.danique@groen.com","NL485250877B63"
"478","van Beek Verschut VOF","rosa51@dehoogh.com","NL520505421B67"
"479","Mulders Stichting","cornelis.verhoeven@geerman.nl","NL738825278B39"
"480","Bos","gaktas@vandeelzas.nl","NL898090898B80"
"481","Moet Cicilia IBC","willem.hermans@degruijl.nl","NL456786344B85"
"482","van Gent Güneş SE","hannah.devos@debruijn.nl","NL251145621B35"
"483","Zhang","yara60@kleinepier.nl","NL972715676B43"
"484","de Keijzer van de Velden & Zn","amelie08@vandenvelden.net","NL827541420B94"
"485","Hendriks Zijlmans & Zonen","esila.ernst@miner.com","NL476389487B62"
"486","Bos","lhazenveld@molenaar.nl","NL963639776B21"
"487","van de Wal","david41@jaceps.com","NL244768523B93"
"488","Timmermans Yüksel BV","jesse72@vanrijthoven.nl","NL368715611B93"
"489","Kuiper","bjorn.badal@vandongen.com","NL102310539B56"
"490","Hollander","pieter99@ariens.com","NL649922415B24"
"491","Cicilia van der Linden SE","edejonge@vanderveen.com","NL209388674B71"
"492","de Bruyn","mart.slaetsdochter@merckx.com","NL102431790B10"
"493","van den Velden","fkramer@merckx.net","NL634412268B41"
"494","Erdoğan Çiçek IBC","vandenbrink.brian@vanderheijden.nl","NL394334159B56"
"495","dos Santos","victor69@hofman.nl","NL332936337B74"
"496","Keskin","laura.rek@vanluin.nl","NL745763703B19"
"497","Zum Vörde Sive Vörding","devries.lindsey@hellevoort.nl","NL230612486B72"
"498","Mol","tsmeets@vanooyen.net","NL660252629B92"
"499","van der Velden","brian.gerritsen@vos.nl","NL816453908B52"
"500","van Henegouwen Ramautar & Zn","csmit@pierson.nl","NL167155274B98"
"501","Aksoy CV","ismit@vandebiesenbos.nl","NL324539234B70"
"502","de Jonge Le CSL","dvink@zumvordesivevording.nl","NL536401344B68"
"503","Post","sital.jayda@said.com","NL958254271B58"
"504","de Koning","vanhaspengouw.zoe@vankasteelen.nl","NL200204602B41"
"505","Uphus","tekin.tycho@blaak.nl","NL302472821B94"
"506","Dijkstra","tom.vandenbosch@stettyn.nl","NL280437651B85"
"507","Rahajoe genaamd en geschreven ten Kate van Wijk CV","loep.tygo@heijmen.nl","NL371725214B39"
"508","Ramlal SE","eyalcin@estey.com","NL669050637B29"
"509","Sital","valerie.kuijpers@koc.net","NL328452494B24"
"510","Visser Saxo CSL","koc.mohamed@willems.net","NL835622521B79"
"511","Verhoeven","yasmin.heere@walter.com","NL757847115B22"
"512","Sam SE","emily.veenstra@dehoog.com","NL825413357B76"
"513","van der Wal","vandeven.jonathan@paillet.com","NL644786584B46"
"514","Kijk in de Vegte IBC","sam.jonker@willemsen.nl","NL662246387B43"
"515","Kuiper","vanderhoeven.jinthe@vanarnsberg.com","NL366463358B91"
"516","Dirksen Molenaar BV","vermeulen.sterre@gunes.com","NL341322445B18"
"517","van de Biezenbos","idemirci@yildirim.nl","NL983897689B43"
"518","van Spreuwel","emily62@sardjoe.nl","NL872207055B36"
"519","Hexspoor","lucy.scheffers@vandeveen.org","NL995318183B47"
"520","Kuiper","svanloon@vanvenrooy.nl","NL231312223B59"
"521","Vink Verhoeven Stichting","zkortman@vangent.nl","NL164021074B11"
"522","Meijer","vjacobs@dekok.nl","NL994808468B68"
"523","Albinus genaamd Weiss von Weissenlöw Tamsma CV","stella00@kurt.com","NL199411390B56"
"524","de Haan IBC","sander.dejong@hassan.nl","NL293083423B11"
"525","Dekker EESV","jill.vanderpol@dehaas.com","NL552347797B13"
"526","Hendrikse IBC","pim06@booden.com","NL365266386B88"
"527","van Evelingen VOF","rosalie12@vonfrijtagdrabbekunzel.net","NL665973680B42"
"528","Muller","dina90@wolters.nl","NL223209156B28"
"529","van der Laan","vandevelden.ize@vanstraaten.com","NL400493738B82"
"530","Sital SE","driessen.demi@elidrissi.net","NL737258361B95"
"531","Uysal","floris.gansnebgenaamdtengnageltotbonkenhave@vanloon.com","NL613903984B59"
"532","Verbeek","mike13@dorisbinsijlvanus.net","NL663192738B30"
"533","van Beeck","jamie.koster@segerszoen.com","NL506502500B39"
"534","Wolffel Reimes VOF","ytheelder@dejong.nl","NL142205893B60"
"535","Thomas van Buuren VOF","noor57@bosch.nl","NL751809601B73"
"536","Meijer","aaliyah30@vandersmeede.org","NL475551246B63"
"537","van Beek EESV","lois69@mol.org","NL256374286B88"
"538","Kuipers & Zn","jente.dekoning@massa.com","NL968506363B38"
"539","van der Heijden","verharen.jaylinn@schipper.net","NL870079137B20"
"540","Verbeek van der Ven Stichting","hozcan@hazenveld.com","NL253090903B51"
"541","Keskin","sten.delange@sanders.com","NL895464617B42"
"542","van Hemert Hoekstra EESV","abdi.hendrik@vink.nl","NL614636009B49"
"543","Van Bragt Elsjan of Wipper SE","amina69@gepavanbourgondie.net","NL622132021B53"
"544","Smits","jorn.boer@huisman.com","NL817754808B72"
"545","Hendrikse NV","nrijks@vanderberg.org","NL670648318B70"
"546","Yavuz","hdegroot@yilmaz.com","NL695241035B57"
"547","de Pruyssenaere de la Woestijne","veenstra.karlijn@guler.nl","NL617803020B22"
"548","van der Heyden van der Berg & Zn","qtimmermans@grinwisplaatstuitjes.com","NL320194167B58"
"549","de Boer Tran BV","lijn.lize@vandervelden.com","NL745249346B45"
"550","van der Veen","vanderberg.thijn@sahin.com","NL788437063B81"
"551","Koster Köse & Zonen","wvandenvelde@dejong.net","NL357252488B81"
"552","Janssen VOF","dekker.jasper@degroot.net","NL180785811B96"
"553","François","koning.senn@vandenbosch.net","NL507242406B65"
"554","Nihoe CV","florian03@vandervelden.com","NL752977773B38"
"555","de Bruyn","deleeuw.lizz@vos.com","NL216944637B32"
"556","Mijsberg CV","louise.debruijn@kriens.nl","NL364960998B54"
"557","Dennenberg","ysam@dorsman.nl","NL938254268B90"
"558","de Vries","mick84@vandenvelden.net","NL246285439B76"
"559","van Dijk & Zn","jake.henriquez@vanderpol.com","NL244297396B69"
"560","van der Linden Rahajoe genaamd en geschreven ten Kate CSL","awildschut@vandewal.nl","NL144386175B85"
"561","van de Pavert CV","amber.vanderlaan@yalcin.org","NL762374712B26"
"562","van den Velden","jolie00@vanbreukelveen.com","NL136944341B88"
"563","Hofman","bozkurt.janna@roessink.nl","NL716506717B18"
"564","de Bruijn CV","juliette.verhagen@kas.com","NL600909946B62"
"565","Post von Heinrich d'Omóróvicza & Zonen","joshua.vanderheijden@sardjoe.net","NL187015363B73"
"566","Kuiper","jansdr.alyssa@vos.nl","NL158443992B54"
"567","Bos Hendriks Stichting","josephine.aeije@unal.org","NL213897521B59"
"568","Schouten","cvanderschuijt@henriquez.com","NL138502871B39"
"569","Jurrijens","mats62@vandoorn.nl","NL532895599B91"
"570","van de Ven","vvandijk@mol.nl","NL592814411B84"
"571","van Dongen","joel37@vannimwegen.net","NL606329645B92"
"572","Sardjoe","nova82@boetet.net","NL314809297B15"
"573","Kanhai CV","cfransestorm@boer.nl","NL840527074B58"
"574","de Jong","vanderheijden.liam@dogan.net","NL100486668B47"
"575","Rijntjes","boaz52@debruyn.nl","NL720109395B54"
"576","van de Velde CV","nisa98@peeters.nl","NL417562000B44"
"577","Aktaş","mara.vandedarnau@yilmaz.com","NL355404734B52"
"578","Zhou","amber25@mallien.net","NL572353931B51"
"579","Willems van de Ven CV","mohammed.vanbolesrijnbende@jansen.nl","NL762843613B59"
"580","van den Pol van de Veen IBC","carlijn45@vanrooij.net","NL736948479B10"
"581","Coşkun","hoekstra.melissa@vantwel.nl","NL854314442B68"
"582","Lafleur SE","jip.degraaf@flink.com","NL428217597B61"
"583","Veenstra EESV","jasper73@meyer.org","NL768329181B68"
"584","Bakker Vroeg in de Wei & Zn","lieke.jonker@huisman.nl","NL753187478B61"
"585","Brizee van de Wal IBC","taslan@nieuwstraten.nl","NL969496976B94"
"586","de Leeuw","joost79@martens.nl","NL260134353B55"
"587","Kuiper van der Heyden & Zonen","joep.walter@claesner.org","NL207711196B52"
"588","Köse","muhammed.elsjanofwipper@vroegindewei.com","NL780687025B95"
"589","Yildirim","arslan.lizzy@vanderwal.org","NL349868394B11"
"590","Bronder Hendriks IBC","fbierstraten@demir.nl","NL833161176B14"
"591","Mahabier","noor79@pastoors.com","NL110023681B93"
"592","van Vlaanderen","rvankuijcvanmalsen@rousselet.com","NL582953995B77"
"593","Zijlemans","stefan.dijkstra@jansen.nl","NL987041545B74"
"594","Meis","brian75@cicilia.com","NL553441656B72"
"595","Luster","eva00@eerden.com","NL514400154B15"
"596","Uzun LLP","twan.kok@erdogan.net","NL463399043B53"
"597","Bolkesteijn","niek.vi@duivenvoorden.net","NL239419649B54"
"598","van Voorst","vdegroot@dejonge.org","NL173606467B22"
"599","van der Meer CV","aakin@leluc.com","NL197288773B77"
"600","Prins","skriens@hellevoort.nl","NL631697308B15"
"601","van Laon","puck.bosch@kuipers.nl","NL127048841B13"
"602","Arens","matthijs.smeets@bos.com","NL567616060B90"
"603","Brouwer Uysal IBC","jay65@vosspecht.org","NL602691616B14"
"604","Güler Heyne LLP","uzun.hidde@kose.nl","NL706548431B32"
"605","Arslan","luca.ozer@rietveld.nl","NL848838799B45"
"606","Huisman","degraaf.jordy@peeters.com","NL586040759B25"
"607","van der Pol","luuk59@stoffelsz.nl","NL547207040B75"
"608","Winklaar","fjanse@marchand.net","NL417312666B11"
"609","Smit Maas CSL","chloe.vandeven@vial.net","NL889848810B62"
"610","Zowran von Ranzow van den Brand VOF","charlotte75@aydin.com","NL672896434B12"
"611","Dogan Oemencs CSL","rwolters@simonis.com","NL820981527B28"
"612","Douglas tot Springwoodpark","daniel.delarivebox@postma.nl","NL782429513B14"
"613","Vaessen CV","qkoster@cakir.org","NL840011457B87"
"614","Can Said & Zn","doyle.ivy@vanterve.com","NL880860184B49"
"615","Jacobs & Zn","justin04@molenaar.net","NL355878152B71"
"616","van der Berg van den Velden Stichting","ozer.adam@adelaar.nl","NL344208616B48"
"617","Hoelen","anne65@vandijk.org","NL676343609B96"
"618","Ellis","momberg.azra@vanderpluijm.net","NL225181620B84"
"619","Janga CSL","rhuisman@mahabier.nl","NL755424649B78"
"620","Koret","serra.alyssa@dehoogh.nl","NL550140809B20"
"621","van der Pol","megan58@uysal.nl","NL419672032B55"
"622","Mohan van der Wal CV","arijks@ozkan.org","NL852098895B91"
"623","van Dongen","kim.weijters@smits.net","NL366955783B66"
"624","Lambers","hulshouts.siem@eijkelboom.nl","NL641069227B49"
"625","Moussaoui van der Meulen & Zn","vandenbroek.floortje@maas.nl","NL565353692B85"
"626","Visser & Zonen","prins.sterre@vandevelden.org","NL219206733B30"
"627","Jacobs NV","rens.vangemert@arens.com","NL435194568B27"
"628","van der Wal EESV","emangal@sambo.nl","NL858675239B97"
"629","Wooning van de Wal & Zn","roodesteijn.lizz@sire.nl","NL283661233B23"
"630","van de Pol","keano72@tuithof.nl","NL389948049B88"
"631","Maas","bosch.dina@vandenvelde.org","NL266522752B43"
"632","Peters","aslan.lois@vannoort.org","NL531210426B41"
"633","van den Pol","thijs.maas@veltman.nl","NL758949183B51"
"634","Çakir EESV","ygiselmeyer@ponci.com","NL279051542B14"
"635","Sahin","vangeffen.thom@simsek.com","NL687231373B85"
"636","van de Ven","gveenendaal@diesbergen.com","NL186547767B56"
"637","Groen","saar.verbeek@soos.org","NL512614112B77"
"638","Kronenberg BV","vigo.deleeuw@vanderwal.org","NL678841903B85"
"639","Koning van der Meulen & Zn","swolters@kuijpers.nl","NL241800771B94"
"640","van den Velden","vandewal.robin@verbruggen.com","NL769205881B99"
"641","Lemmens","tara.vanwallaert@uysal.org","NL758327476B55"
"642","Schipper","julius.ozturk@rietveld.com","NL692850358B54"
"643","Lopes","pbleijenberg@vandoorn.com","NL368588329B28"
"644","Oennen IBC","isabel00@kurt.nl","NL393280065B21"
"645","Ali","mdelange@vanhagen.org","NL937601318B23"
"646","van de Darnau","timo94@miner.nl","NL336829204B46"
"647","van de Ven NV","kay83@hooi.com","NL715348655B23"
"648","Boer","pleun.hooi@kok.com","NL455705120B84"
"649","Dogan","thijn83@depruyssenaeredelawoestijne.nl","NL758656900B92"
"650","Narain CV","igellemeyer@driessen.nl","NL210212536B32"
"651","Sital VOF","devos.xavi@yildiz.org","NL572398252B77"
"652","Simsek","deman.mare@vanenschot.com","NL327028558B89"
"653","van den Hoek","noa90@ramcharan.nl","NL942154461B19"
"654","Schotte","femke72@vink.nl","NL967821393B31"
"655","van der Wal","ilse31@lonen.nl","NL683943661B40"
"656","Kunen BV","waardeloo.aya@sahin.nl","NL217203016B35"
"657","Everts","yvangastel@meijer.nl","NL241803410B84"
"658","Vos","thom27@peeters.nl","NL514241134B18"
"659","Hehl CV","vince29@everts.nl","NL580234196B55"
"660","van der Velde Blom BV","jasmijn.vanduivenvoorde@bierstraten.com","NL694528458B13"
"661","Nollee Dircken Stichting","wildschut.wouter@jdotte.nl","NL663373155B92"
"662","van Ginkel Vaessen & Zn","rkocak@diebont.nl","NL821880410B55"
"663","Ünal van Egisheim Stichting","stella.tamsma@vanvermandois.com","NL610374036B47"
"664","Janssen EESV","cicek.faas@blom.org","NL821199816B68"
"665","Mathol","tchotzen@meijer.net","NL719968032B58"
"666","Kurt","usprong@vannederlotharingen.org","NL660652473B96"
"667","Wever Pison BV","mol.sebastiaan@koning.com","NL328013223B22"
"668","Mohammad","tess.heinrichs@depruyssenaeredelawoestijne.nl","NL161978243B69"
"669","Berends","bradley.vandenbrink@willemsen.net","NL444231845B36"
"670","Sam SE","dvandebrink@uphuis.net","NL442062963B89"
"671","Cicilia","navci@dekker.com","NL701017156B12"
"672","van de Greef","giovanni29@deruiter.org","NL807076564B63"
"673","Farah","vince.kurt@vanhugenpothtotdenberenclauw.nl","NL191142303B99"
"674","Galijn","vanderven.hugo@scholten.com","NL446336646B38"
"675","van Dijk SE","gijs.vandoorn@mulder.nl","NL143457559B67"
"676","Koçak","mika.vink@westermann.nl","NL662233935B86"
"677","Kiliç","punal@brouwer.org","NL165156503B96"
"678","Özcan IBC","eva.ehlert@vandermaath.com","NL230636447B65"
"679","Willemsen","julius57@vandevelde.org","NL546823640B67"
"680","Mallien Groote BV","lenn91@kloppert.org","NL852773062B42"
"681","van Santen NV","wstettyn@coenen.nl","NL828269682B12"
"682","Bakker Stichting","ozkan.twan@vanderlaan.nl","NL844887484B32"
"683","Blom BV","rehorst.ravi@vanmispelen.com","NL262101664B55"
"684","Yilmaz Schipper VOF","vanderpluijm.thomas@helmerhorst.net","NL362453946B16"
"685","de Jonge CV","selina53@jacobs.net","NL211897123B50"
"686","Bresse","jasmijn.vanderlaan@dehaan.org","NL586015942B19"
"687","van der Ven","rens56@degraaf.com","NL613825441B68"
"688","Kok","mgansnebgenaamdtengnageltotbonkenhave@spiegelmakerspanjaard.nl","NL845574469B29"
"689","Sambo NV","naomi55@peters.com","NL102005813B34"
"690","Jansen Boer & Zn","aron.hassan@vanzwaben.com","NL462486771B78"
"691","Timmermans","lvanleeuwen@tahiri.nl","NL224270581B47"
"692","Esajas","psital@vannimwegen.org","NL177216883B64"
"693","van de Berg","mahabier.sep@post.com","NL681038866B10"
"694","Goyaerts van Waderle","vandervelden.lise@bud.nl","NL925916892B93"
"695","van Spreuwel","bram.vandenbroek@ramlal.com","NL373219725B64"
"696","van Haspengouw","noelle.badal@vandewal.nl","NL510473311B47"
"697","Gerritsen VOF","vanooste.alyssa@degroot.nl","NL905739349B68"
"698","Kuijpers","jennifer35@vermeulen.nl","NL291477068B99"
"699","Mahieu Can NV","robin.vandenberg@dijkstra.nl","NL744367528B94"
"700","van Bruchem","symons.amira@devrome.com","NL700498941B96"
"701","van de Darnau","benjamin.heere@martens.nl","NL338737872B75"
"702","Mosley","keano.vanderveiver@janszmuskustepasque.nl","NL652277158B76"
"703","van Veen dos Santos CV","lvanvliet@ali.com","NL857546652B67"
"704","van de Brink","feline.vandebiezenbos@deplantard.nl","NL992768608B81"
"705","Bave","fahmadi@lebriel.com","NL405652051B55"
"706","Çelik","mohamed00@kof.nl","NL355978166B79"
"707","Timmerman van Leeuwen NV","bart.wensen@kanhai.net","NL507051773B16"
"708","Dekker VOF","rkleinepier@vandevelde.nl","NL999128287B94"
"709","Kok Meijer CV","vanoostendorp.mustafa@debruijn.nl","NL218326090B75"
"710","Aslan","aimee.meyer@janssen.org","NL662870996B75"
"711","Turan NV","emily.vanderven@vanwijk.com","NL285867702B71"
"712","Driessen & Zonen","ecrin.kose@mater.net","NL823735393B61"
"713","van Grondelle","esmee.dossantos@vandeberg.net","NL312602004B31"
"714","Matthews van der Velde CSL","lukas.lucas@konings.net","NL589584050B10"
"715","Backer & Zn","merel16@sas.net","NL206615104B79"
"716","Tekin","postma.rens@vantwel.nl","NL908630874B52"
"717","Fredriks Simonis & Zonen","ovanderhorst@arent.nl","NL233496052B41"
"718","Koçak","deleeuw.wouter@wooning.nl","NL144157551B23"
"719","Pieters Rijn IBC","verhaar.beau@vantuijl.com","NL710396493B36"
"720","van Oirschot CV","vonfrijtagdrabbekunzel.sofie@mohammad.nl","NL226691813B54"
"721","van Vliet Zijlemans & Zn","mare.rijks@ramlal.org","NL445772523B39"
"722","Akin","meyer.dylano@scholten.com","NL424480089B46"
"723","van den Broek van Dongen & Zn","evanderlaan@mulder.com","NL105896673B70"
"724","Smit","hhermans@vandijk.nl","NL477882020B43"
"725","van Asten IBC","scherms.jade@vanformbach.com","NL743529563B96"
"726","de Haan","lorenzo.gunes@blom.com","NL667684871B85"
"727","Feltzer Stettyn EESV","cato.timmermans@vandokkum.com","NL349093885B84"
"728","de Bruin","vheijman@yilmaz.com","NL160928483B31"
"729","de Leeuw & Zonen","cetin.sami@vanpraagh.com","NL584549180B27"
"730","van Orleans","pvanvenrooy@vandeven.nl","NL969706529B21"
"731","Stettyn","tyler72@hanegraaff.nl","NL389566722B56"
"732","Schouten SE","gdogan@nguyen.nl","NL654354267B64"
"733","van den Brink","jamie04@driessen.nl","NL324887841B15"
"734","Grondel","madelief.smit@koster.net","NL212102824B92"
"735","Hoelen","denbuytelaar.wouter@jansen.com","NL985916597B38"
"736","Kuipers","jennifer14@kof.nl","NL186214839B77"
"737","van de Kooij","coskun.ecrin@pham.com","NL689504284B22"
"738","Kuipers","ozer.mathijs@kriens.net","NL420924418B10"
"739","van den Heuvel","korstman.abel@bouthoorn.nl","NL231385171B33"
"740","van der Linden","timmermans.samuel@woutersz.com","NL714588209B37"
"741","Kok","elif.vanderlede@vanstraaten.com","NL522849660B97"
"742","Smit","helmerhorst.elias@vandenpol.nl","NL753933534B61"
"743","Wolters Willems & Zn","michael62@prins.org","NL168179302B19"
"744","die Bont van den Bosch CSL","vanderploeg.hamza@dejong.nl","NL159834630B64"
"745","Post LLP","wesley.vanderklijn@willems.org","NL847735148B12"
"746","de Leeuw SE","jverhoeven@bosch.nl","NL170556518B46"
"747","van Munster de Groot CV","julie.ansems@gansnebgenaamdtengnageltotbonkenhave.nl","NL420262283B39"
"748","de Vos","lizzy.boetet@drysdale.com","NL698826924B64"
"749","Jones VOF","hderkijnder@vandongen.nl","NL554011489B41"
"750","Molenaar Smeets LLP","vandenheuvel.maryam@dijkstra.com","NL633628239B14"
"751","Wensen SE","dewi85@deleeuw.org","NL518467768B99"
"752","Willems CV","isabelle19@ali.org","NL835603560B51"
"753","Pastoors","nikki62@visser.nl","NL225260865B48"
"754","Groen VOF","gijs74@smeets.com","NL470999598B93"
"755","Sahin CV","elena37@vandoorn.com","NL777748817B65"
"756","Winklaar","molen.pien@winklaar.net","NL618071155B63"
"757","Kruns","qerdogan@vanderhorst.com","NL721939040B26"
"758","de Leeuw","dhenriquez@jonker.nl","NL436124037B51"
"759","Hussain","pspringintveld@keskin.net","NL833135957B99"
"760","van den Bosch","amohamed@bozkurt.nl","NL543758412B24"
"761","van Dongen Polat CSL","fkoning@bos.net","NL458330260B50"
"762","Coret & Zonen","naomi.bastiaense@springintveld.com","NL331431057B82"
"763","de Leeuw","juliette99@kirpenstein.nl","NL469935649B11"
"764","Kuipers EESV","smits.damian@nguyen.org","NL145458363B70"
"765","Geertsen","vandevelden.isabel@zowranvonranzow.org","NL264540281B68"
"766","Yüksel Yavuz BV","momberg.jolie@eckhardt.com","NL230326320B83"
"767","Vos Karaca & Zn","lonen.chloe@sardjoe.com","NL459980445B12"
"768","van Praagh NV","jim.polat@dejonge.com","NL636967966B52"
"769","Pratt","alex68@janga.nl","NL545881822B29"
"770","le Floch Spies & Zonen","nvanderpol@brouwer.nl","NL362823075B18"
"771","Elsenaar","marceron.thijs@yuksel.nl","NL370022071B92"
"772","Bos","cvandenbroek@jonker.nl","NL542743030B54"
"773","Willems Molegraaf LLP","cwillems@wipstrik.nl","NL221141545B25"
"774","Yildiz","erdogan.annemijn@vanderhoeven.com","NL109638745B97"
"775","van Beek","noelle68@bosman.com","NL268262605B99"
"776","van den Velde Lind IBC","umartens@mol.net","NL346730646B52"
"777","Post","britt.vandepol@vanderkaay.com","NL432787108B31"
"778","Tahiri","giovanni06@schipper.net","NL721207494B76"
"779","de Graaf CV","tvandernoot@emmen.nl","NL825971727B84"
"780","Öztürk & Zn","olivier.smit@bosch.com","NL608282901B22"
"781","Bresé","cornelis.schipper@mohan.org","NL222040199B58"
"782","Hendriks CV","sardjoe.anne@vantuijl.nl","NL423533986B57"
"783","van Oudewater LLP","kian.brandt@wensen.net","NL683423234B96"
"784","Verbeek VOF","ngroenestein@vandenheuvel.com","NL248944038B73"
"785","Vermeulen Scholten BV","noah01@horrocks.com","NL561491885B50"
"786","Jonker","rens67@alpaidis.nl","NL768803310B23"
"787","Schroeff","vanbeieren.mart@kuiper.nl","NL735911366B66"
"788","Mol","floris33@erhout.nl","NL766131297B41"
"789","Huisman","bas.debruijn@delange.nl","NL667176669B52"
"790","Vial Potters CSL","benjamin30@vansalm.com","NL777570938B83"
"791","de Gruijl NV","vanveen.cato@peeters.com","NL703527335B32"
"792","Groen VOF","tessa.dekoning@avci.nl","NL302915326B89"
"793","Hermans CSL","vanderlede.jordy@vallenduuk.com","NL123899806B64"
"794","van Rooij","fcicilia@vandepol.org","NL218351807B82"
"795","Ulrich","kdelange@vanderavoirt.org","NL563600550B22"
"796","Akin Elsjan of Wipper IBC","ilse34@vanbeek.com","NL361393954B73"
"797","Avci & Zn","youssef46@badal.nl","NL783076343B72"
"798","Peters Gruijl Stichting","pieter31@vanderven.org","NL686274094B91"
"799","van der Avoirt","liv34@bulut.net","NL241057994B73"
"800","van Vliet Weylant & Zonen","vandoorn.dex@jacobs.net","NL978701604B22"
"801","Vermeulen","xavi34@blonk.com","NL264032019B74"
"802","Arts LLP","claassen.rosalie@vandermeer.net","NL967931798B64"
"803","Brouwer CV","nikki.broeders@devries.nl","NL540232947B52"
"804","Brisee Driessen & Zonen","aya.vermeulen@said.com","NL358836537B85"
"805","Pham","kaylee52@vandekooij.com","NL633962517B24"
"806","Bosch","michael43@vanveen.nl","NL343817643B47"
"807","de Ruiter","hblom@huisman.com","NL519282982B30"
"808","van de Berg","esther76@vanochten.com","NL517891773B89"
"809","Demirci LLP","suijker.lex@yildirim.org","NL171622941B85"
"810","Bulut van der Pol EESV","laura48@vanwijk.org","NL831333692B39"
"811","Hussein BV","chloe.post@vanhostaden.com","NL530800997B93"
"812","van Engeland","bas.kloppert@peeters.nl","NL401271627B67"
"813","van der Ven Kof CV","cas.schenkel@schipper.nl","NL601577461B82"
"814","Fredriks Boddaugh EESV","vanderveen.wout@vanegisheim.org","NL808061662B96"
"815","Çelik Stichting","milo.dewit@keskin.net","NL101505912B40"
"816","van den Velde Dekker IBC","diesbergen.carlijn@david.com","NL305263420B37"
"817","Yüksel & Zonen","icicek@yilmaz.com","NL832148150B70"
"818","van der Klijn EESV","charlotte51@dorisbinsijlvanus.org","NL522953934B99"
"819","Özer","fabienne.gnodde@ouwerkerk.nl","NL788407147B56"
"820","van der Meulen","joshua.breugelensis@vandenvelden.com","NL855982864B53"
"821","Jansen","veerle.smit@nieuwstraten.nl","NL533890778B46"
"822","van Este CSL","zjansdr@vanoosten.nl","NL713465945B81"
"823","van der Berg CSL","xaziz@spiker.nl","NL378749202B54"
"824","Mohan","tessa42@mangal.nl","NL733744796B11"
"825","Verbeeck CV","rcicilia@diebont.com","NL801614850B92"
"826","van Dijk","ties75@unal.com","NL102916941B72"
"827","Veenstra","ddejong@narain.com","NL862613019B95"
"828","Kuijpers NV","matthijs.springintveld@keskin.net","NL517998239B91"
"829","Tran CSL","suze27@debruyn.nl","NL561732296B90"
"830","Çelik","lot21@vermeulen.net","NL483567576B29"
"831","van Asten Hendriks IBC","nadia65@farah.com","NL676761464B33"
"832","Erhout","smith.lauren@degroot.net","NL249801479B21"
"833","Hexspoor Keijzer IBC","ties24@godfreyvanalemannie.org","NL284709614B10"
"834","Paspoort van Grijpskerke en Poppendamme","ojanssen@vantuijl.com","NL588729533B66"
"835","Willems","elias21@degraaf.net","NL500564773B72"
"836","Kosten & Zonen","linn06@guler.net","NL107157336B97"
"837","Pham Smeets & Zn","zvos@mangel.nl","NL967685217B80"
"838","de Groot van Dijk SE","jacob.dejonge@lebriel.com","NL364345434B68"
"839","de Haan & Zonen","perck.naud@scholten.nl","NL965083202B38"
"840","Boeser van de Ven & Zonen","peeters.lauren@vanderstaeldejonge.nl","NL192521739B92"
"841","Zhang","awillemsen@koster.nl","NL967116926B51"
"842","Jorrisen Said CSL","fmaas@leene.org","NL307955946B55"
"843","Kijk in de Vegte van Kusen & Zonen","tijs68@boer.nl","NL273919355B81"
"844","Schipper","noortje82@ramcharan.com","NL876351345B75"
"845","Henriquez Bosch IBC","loek93@bos.com","NL529705933B40"
"846","van Loon","niek38@tielemans.nl","NL155849472B11"
"847","van den Pol","weeldenburg.bradley@vanwaas.com","NL481098286B99"
"848","Verheij & Zn","stan71@huisman.com","NL135066866B34"
"849","van Klaarwater","lenn.fremie@vanderheijden.nl","NL244452741B77"
"850","van den Velde CV","sander77@ramcharan.nl","NL413088905B35"
"851","Wouters van Eijndhoven Öztürk CSL","raf31@vanderhorst.com","NL536841734B61"
"852","Hendrikse van Zwaben VOF","deruiter.elise@vos.net","NL732995937B66"
"853","de Haan Sanders VOF","rveenstra@vandenbroek.nl","NL605008691B34"
"854","de Lange","nbrouwer@yildiz.com","NL783468636B20"
"855","van Dam Wildschut CV","said.evy@zhou.nl","NL591027209B59"
"856","Janssen","vermeulen.jolijn@willemsen.nl","NL681938727B66"
"857","Prinsen van Dongen NV","florian70@keijser.nl","NL444334549B40"
"858","Schilt CV","imran10@klein.com","NL139267364B49"
"859","Vos de Jong Stichting","vandongen.kiki@vanholland.nl","NL166339081B47"
"860","Cadefau","ruben03@pison.nl","NL154630385B30"
"861","Kuiper","nvanvliet@claesner.nl","NL724411628B46"
"862","Mulder","mjansen@kilic.com","NL382582928B73"
"863","Wigman","karlijn.yavuz@jorrisen.com","NL490957069B44"
"864","Jaceps","berend.haack@schatteleijn.com","NL827576337B78"
"865","van Herstal","stef20@vonheinrichdomorovicza.nl","NL309510505B45"
"866","Janssen","stefan.kuipers@smeets.com","NL306322843B68"
"867","Özer","vonheinrichdomorovicza.loes@vanmunster.com","NL835646401B26"
"868","Le","aeije.youssef@eijkelboom.org","NL354171573B83"
"869","van de Pol","ecrin.spaan@vanderhorst.nl","NL937806005B68"
"870","van Hugenpoth tot den Berenclauw","melissa07@coretcoredo.com","NL879136832B52"
"871","Dogan","meijer.mads@vegt.com","NL395819798B46"
"872","Volcke","hmohammad@debruin.nl","NL758625544B42"
"873","Çakir VOF","tyler16@vanvenrooy.com","NL279337505B78"
"874","van de Berg","yuksel.maud@hussain.nl","NL662065225B85"
"875","van Dongen","owen59@sprong.org","NL302089873B74"
"876","Dirven","gerritse.floris@vanrijnsbergen.nl","NL463320914B82"
"877","de Marduras Avci IBC","osterhoudt.anne@huisman.nl","NL713434474B55"
"878","Peeters","renske41@vanemmelen.nl","NL513869833B99"
"879","Janssen BV","tessa20@vandenbrink.net","NL400744651B11"
"880","Sanders","hendriks.fem@hendriks.nl","NL200276959B25"
"881","Ali","uvanderhorst@bellemans.com","NL210182630B34"
"882","Nijman van Loon & Zn","amathurin@fredriks.com","NL468037064B28"
"883","Berendse","luna15@debont.nl","NL799633063B56"
"884","Smeets Evers CV","martens.karlijn@tahiri.nl","NL318028649B84"
"885","Kamper","leon12@lopes.nl","NL311680608B66"
"886","Scuylenborchs NV","floor.tammerijn@vink.com","NL708257266B84"
"887","Elsjan of Wipper van Dokkum BV","boaz.vanloon@demirci.net","NL829741287B70"
"888","van Maaren Stichting","renske.koning@vanemmelen.com","NL646152292B13"
"889","Schrant","winklaar.jurre@lambregt.com","NL248143695B46"
"890","Hendriks CV","mick.aarts@beourgeois.com","NL919781347B84"
"891","Sas Broek NV","blegallen@kramer.com","NL785609978B77"
"892","Mangal CV","puck24@timmerman.nl","NL978357788B58"
"893","van der Horst van Beek Stichting","tobias13@vanclootwijck.net","NL465414011B68"
"894","Erdoğan","tozturk@janga.com","NL661324318B99"
"895","Gemen NV","loek.bosch@groen.com","NL117261976B61"
"896","Mulder Hak LLP","hexspoor.stella@walter.com","NL138687799B87"
"897","van de Pol","bhuls@vanderven.com","NL141553000B93"
"898","Luster VOF","lola.vanduivenvoorde@vosspecht.com","NL806651231B69"
"899","Özdemir","meyer.evi@vandeven.nl","NL419131883B70"
"900","Maas Timmermans VOF","vvansusa@vanterve.nl","NL202569051B20"
"901","de Lange","amelie.janssen@vanlaon.org","NL741180361B16"
"902","Bakker","vandeneerenbeemt.mohamed@degroot.nl","NL654574303B83"
"903","Bud","pippa.rahajoegenaamdengeschreventenkate@hendriks.com","NL671155533B63"
"904","Weeldenburg Klomp Jan NV","carlijn68@ozdemir.com","NL758376748B37"
"905","Çakir","ise42@molenaar.net","NL732280334B73"
"906","van Cuijck & Zonen","janna06@room.nl","NL557969914B82"
"907","Estey","fsmits@broekhoven.nl","NL183554649B61"
"908","Jansen","xadriaensdr@ismail.nl","NL476047224B24"
"909","Ponci","vanveen.tobias@mahabier.com","NL499804095B32"
"910","Smit","hugo83@sambo.net","NL265650800B89"
"911","van de Pol Ansems IBC","odachgelt@mahabier.com","NL621428872B45"
"912","de Jonge Boudewijns CV","gijs01@dejong.com","NL326280727B43"
"913","Peters","rkunen@peeters.nl","NL793630922B34"
"914","van den Velden Heerkens NV","mette30@yilmaz.nl","NL329804385B27"
"915","Zeldenrust BV","ivanderhorst@vos.com","NL211323830B66"
"916","Westerbeek","luke.middelkoop@uysal.org","NL168606687B51"
"917","de Roo van Beek LLP","abouhuizen@hendriks.com","NL687017047B43"
"918","van den Hoek Luitgardis van Neustrië Stichting","lois48@aydin.net","NL325287911B88"
"919","Grinwis Plaat Stuitjes","nathan.smits@dorisbinsijlvanus.net","NL408895053B15"
"920","Nguyen BV","brian52@hassan.net","NL178908395B54"
"921","van Oostendorp Bulut & Zonen","zrouwhorst@esajas.org","NL491717247B99"
"922","Vos","vdewit@winnrich.net","NL678056380B48"
"923","van der Laan de Ruiter & Zn","anna.vanderpol@dewit.net","NL256577484B44"
"924","Yilmaz","yvandeven@bosman.com","NL184463723B86"
"925","van Vliet van der Laan EESV","qholthuis@ramlal.nl","NL502337180B58"
"926","Hak","ozdemir.esmee@martens.org","NL833509179B76"
"927","Kok van der Heijden & Zonen","adam.scheer@prins.org","NL262367165B84"
"928","van de Veen","sdeheer@smith.com","NL937229352B76"
"929","Hemma IBC","qvanderheiden@vandennieuwenhuijsen.nl","NL894471072B82"
"930","Sanders","giel.smits@meyer.net","NL564971425B41"
"931","Bakker VOF","ydewit@vanooste.com","NL374844813B22"
"932","van de Ven","cbiharie@vandewal.nl","NL351613144B91"
"933","Verbeek BV","vanderheyden.matthijs@vanvliet.com","NL647121160B79"
"934","van den Velden Berendse CV","colin93@sahin.com","NL229007011B12"
"935","Cadefau van Breukeleveen BV","vial.ayden@dereede.com","NL491697805B86"
"936","Özer LLP","hamza.timmermans@vanwessex.com","NL740833180B66"
"937","van de Pol van Praagh NV","vandenpol.mia@luboch.org","NL407098448B14"
"938","Huurdeman","elsenaar.maya@mallien.com","NL673175986B32"
"939","Hussain","ojanszmuskustepasque@ponci.com","NL291487218B23"
"940","Schuylenborch BV","lena11@yilmaz.nl","NL620731927B21"
"941","van der Meulen CV","djacobs@delange.com","NL256461103B46"
"942","Winklaar Verbeeck LLP","koc.johannes@dorisbinsijlvanus.net","NL246876893B98"
"943","Jonkman","evandeberg@dogan.nl","NL978478026B40"
"944","Booden EESV","noortje.lathrope@duhmeaufderheidesiveheydahrens.nl","NL198914717B58"
"945","Aelftrud van Wessex","wsegerszoen@haack.com","NL154162545B46"
"946","Gruijl CV","amina58@peters.org","NL681419141B39"
"947","Polat CSL","joris58@blokland.com","NL118715362B36"
"948","Meyer & Zn","kiki.woutersz@devos.nl","NL405718519B39"
"949","Heijman Mol CSL","zakaria.pham@jansen.net","NL699543334B78"
"950","Said & Zonen","evandennuwenhuysen@vandenvelde.com","NL523455213B83"
"951","van de Ven","daphne25@hendriks.nl","NL751994661B91"
"952","Sire Bloemendaal BV","vanderkint.mathijs@vanevelingen.net","NL197767476B55"
"953","Simsek","selina78@vandebrink.com","NL870429064B26"
"954","Fortuyn Vink LLP","catharina.farah@vanloon.com","NL820533751B85"
"955","Arslan Peeters & Zonen","vonfrijtagdrabbekunzel.koen@veltman.nl","NL779808998B87"
"956","Aalts van der Velde & Zn","luka.vanoosten@vandokkum.com","NL858009732B49"
"957","de Leeuw","tijs68@badal.org","NL449509349B19"
"958","Uzun & Zn","michelle.heyne@delafontaineunddharnoncourtunverzagt.com","NL616421356B74"
"959","Groen","kuiper.aylin@vanolst.com","NL828029960B76"
"960","Bosch","iluster@vanderstaeldejonge.com","NL424090806B24"
"961","Dekker EESV","vanhugenpothtotdenberenclauw.chloe@ariens.com","NL419467172B50"
"962","Kanhai de Jonge BV","douglastotspringwoodpark.micha@winklaar.nl","NL428348899B82"
"963","van der Linden VOF","kayleigh51@wunderink.net","NL642724526B15"
"964","Verhoeven CV","jdogan@sestig.com","NL373065581B41"
"965","de Koning VOF","alicia31@krabbe.com","NL362149946B96"
"966","Kort","pvandenheuvel@debruyn.com","NL701260276B40"
"967","van den Pol","wbosch@bos.com","NL461635373B28"
"968","Peeters","seth03@vandam.nl","NL873827558B35"
"969","Jonker Postma VOF","pamalrada@arts.org","NL821697343B30"
"970","Verbeek Lambregt LLP","tristan.brugman@momberg.com","NL528664678B32"
"971","van Doorn","vanbeek.lise@esajas.org","NL491567737B71"
"972","Smith","alicia.vanbuuren@vanderven.nl","NL716125539B40"
"973","van Schweinfurt IBC","dubbeldemutsvandersluys.victoria@oda.nl","NL786644148B46"
"974","Thatcher IBC","merle53@vandersloot.com","NL412804345B24"
"975","van den Heuvel","micha.vos@demirci.com","NL177393169B55"
"976","de Bruijn","xvandijk@vandeberg.net","NL626283769B93"
"977","Heribert van Laon Ramautar & Zn","maria74@smit.nl","NL885712807B16"
"978","van Dongen de Groot & Zn","xavi14@vandenvelde.net","NL975662036B97"
"979","Smits","juul71@yildirim.net","NL943114743B78"
"980","von Frijtag Drabbe Künzel","gijs13@veenendaal.com","NL701368959B47"
"981","Jasper dr Greij LLP","nienke14@dekoning.org","NL247061112B11"
"982","Güneş CV","bo13@deruiter.org","NL381807764B17"
"983","Billung VOF","belpere.suus@rouwhorst.nl","NL662649268B17"
"984","Huisman","mbruijnevanderveen@flink.nl","NL676422696B27"
"985","Hoogers","palbinusgenaamdweissvonweissenlow@bellemans.com","NL648451069B63"
"986","Coenen CV","uwinklaar@wagenvoort.com","NL810099752B78"
"987","van Dam de Jong CSL","aziz.julius@tekin.com","NL295241461B19"
"988","van Bergen Brouwer CV","sital.mats@deleeuw.com","NL379867625B21"
"989","van Dijk","ppost@said.net","NL705959006B97"
"990","Zum Vörde Sive Vörding","kvangent@autar.nl","NL167763105B43"
"991","Vermeulen van den Oever CSL","max88@boer.com","NL119730184B22"
"992","Beernink VOF","sarah.vanooyen@vanvoorst.com","NL581249296B80"
"993","van de Brink","qblom@zowranvonranzow.com","NL283170579B32"
"994","van Poppel Nguyen & Zn","gvandeven@smit.org","NL724241463B46"
"995","van de Ven","marit.jacquot@vandenpol.com","NL275321537B84"
"996","Spiegelmaker Spanjaard","gerritse.juliette@kremer.net","NL760686448B18"
"997","Hermans SE","hvanderlinden@vanderpol.com","NL548814400B11"
"998","van Rossum van der Pol & Zn","jasper01@degroot.com","NL965501536B37"
"999","Verheij NV","dylan.vandenvelde@gruijl.nl","NL125930296B60"
"1000","Geldens","vverheuvel@delafontaineunddharnoncourtunverzagt.nl","NL381018886B45"