id,fake-company-name,company-email,cnpj
"1","Ferreira Ltda.","zamana.rafaela@assuncao.br","14.352.208/0001-84"
"2","Marés e Associados","beatriz71@dasdores.br","81.187.000/0001-44"
"3","Queirós S.A.","benjamin.gomes@benites.org","86.751.968/0001-75"
"4","Mendes e da Silva e Filhos","dias.vitoria@sales.org","61.306.876/0001-55"
"5","Valência e Reis","zcorreia@mares.net.br","74.985.394/0001-10"
"6","Pereira Comercial Ltda.","csaraiva@montenegro.com.br","15.569.839/0001-12"
"7","Ramos e Uchoa Ltda.","demian.marin@ferreira.net","46.414.522/0001-30"
"8","Branco e Torres e Associados","uramos@ferraz.com.br","78.584.788/0001-18"
"9","Rivera-Ferminiano","sergio.rivera@aguiar.com","59.403.835/0001-35"
"10","Furtado Comercial Ltda.","yortega@assuncao.br","10.728.780/0001-44"
"11","Velasques e Pereira","maia.sabrina@fontes.net","11.315.017/0001-54"
"12","Fontes e Associados","sophie49@caldeira.net","13.088.606/0001-72"
"13","Ortega-Branco","valentin.santana@solano.org","06.678.079/0001-90"
"14","Lutero Comercial Ltda.","framos@azevedo.net","96.541.068/0001-57"
"15","Rocha-Batista","cruz.emanuel@ferreira.org","61.665.418/0001-02"
"16","Ramos Comercial Ltda.","fernandes.alessandra@ramires.com.br","83.448.488/0001-41"
"17","Paz e Quintana e Filhos","andres.azevedo@fontes.br","87.382.766/0001-66"
"18","Faro S.A.","adriana.faria@salas.net.br","63.617.216/0001-10"
"19","Salgado e Santana e Associados","goncalves.lucas@delgado.net","65.019.037/0001-07"
"20","Barreto Comercial Ltda.","delatorre.leandro@lira.com","53.586.265/0001-80"
"21","Aranda-Ortiz","silvana.darosa@lozano.com","98.100.925/0001-09"
"22","Gil Comercial Ltda.","ivan.darosa@vega.org","22.707.729/0001-35"
"23","Zambrano e Branco e Filhos","upadilha@rodrigues.com","85.125.323/0001-64"
"24","Caldeira Comercial Ltda.","franco.ferraz@roque.net.br","74.914.716/0001-30"
"25","Santacruz e da Cruz Ltda.","carla56@uchoa.com.br","00.922.589/0001-85"
"26","Gonçalves e Filhos","gomes.noeli@pena.org","69.515.619/0001-35"
"27","Pacheco Comercial Ltda.","montenegro.paulina@maldonado.org","26.832.653/0001-20"
"28","Medina e Salas Ltda.","ramos.sophie@teles.com","51.461.709/0001-25"
"29","Ortega Ltda.","suzana08@meireles.net.br","78.375.686/0001-92"
"30","Aragão e da Cruz e Associados","rfurtado@ferraz.com","48.470.425/0001-90"
"31","Gusmão-Leon","garcia.isabel@uchoa.org","48.624.707/0001-03"
"32","Marinho-Bonilha","nadia.galhardo@dominato.com.br","55.466.924/0001-70"
"33","Queirós e Queirós","rangel.hortencia@vasques.com","60.001.206/0001-68"
"34","Delvalle e Filhos","nlovato@galvao.com","50.144.289/0001-90"
"35","Batista Ltda.","ymaia@paz.net.br","76.189.099/0001-83"
"36","Madeira Comercial Ltda.","everton56@faria.br","54.097.597/0001-63"
"37","Neves e Queirós Ltda.","vcordeiro@medina.com","51.046.916/0001-13"
"38","D'ávila e Associados","adriana88@azevedo.com.br","85.067.984/0001-80"
"39","Pacheco e Filhos","catarina.aguiar@branco.com.br","94.673.808/0001-83"
"40","Cordeiro e Assunção e Associados","josefina.ferminiano@toledo.com.br","96.407.694/0001-55"
"41","Faro e Ortega e Filhos","fernandes.rodrigo@deoliveira.net.br","19.463.446/0001-80"
"42","Duarte S.A.","marinho.dante@dasdores.br","43.865.306/0001-13"
"43","Lutero e Lutero","leonardo.carrara@balestero.net.br","80.701.149/0001-37"
"44","Neves e Azevedo e Associados","sabrina.cruz@pereira.com","38.207.864/0001-51"
"45","Camacho e Lira S.A.","abril14@valdez.org","98.664.981/0001-76"
"46","Lira e da Rosa e Filhos","santiago02@lutero.net","62.168.159/0001-77"
"47","Leal-Duarte","lucas.marinho@serrano.org","55.421.894/0001-85"
"48","Franco Comercial Ltda.","mascarenhas.malena@rivera.br","10.012.728/0001-97"
"49","das Neves-Corona","valeria24@zambrano.com","30.162.001/0001-01"
"50","Ramos-Casanova","ferreira.miranda@burgos.org","67.520.166/0001-00"
"51","Lutero e Quintana","hvalentin@cervantes.com","15.428.716/0001-61"
"52","Espinoza-Toledo","imaldonado@davila.org","15.064.242/0001-16"
"53","Lozano Ltda.","prado.irene@salgado.com","67.369.169/0001-94"
"54","Abreu-Serra","maite.rezende@santana.org","69.850.219/0001-86"
"55","Beltrão Comercial Ltda.","camilo69@perez.com","34.015.685/0001-61"
"56","Rivera e Filhos","adriano.ferreira@queiros.com","59.728.529/0001-79"
"57","Vale e Leon","deaguiar.ornela@zambrano.net","99.513.116/0001-91"
"58","Maldonado e Ferreira S.A.","simon.gil@cervantes.br","51.019.798/0001-54"
"59","Fernandes e Burgos e Associados","bruno.valentin@delgado.net","08.317.045/0001-04"
"60","Romero Comercial Ltda.","pferreira@marin.br","17.737.781/0001-02"
"61","Soares e Delvalle e Associados","vale.malena@fernandes.org","88.254.102/0001-84"
"62","Reis e Perez Ltda.","simao.galhardo@padilha.com","72.370.152/0001-97"
"63","Cruz e Associados","vcarrara@dominato.com","46.982.961/0001-40"
"64","Leal e Associados","barreto.beatriz@valencia.com","25.765.057/0001-02"
"65","Matos e Associados","leandro93@delgado.com.br","51.129.507/0001-80"
"66","Bonilha e Meireles S.A.","maximo.sales@zambrano.net.br","24.484.202/0001-14"
"67","Rezende e Gomes S.A.","mia18@cortes.net.br","17.920.790/0001-26"
"68","Ferminiano-das Neves","carmona.noeli@torres.org","79.154.098/0001-91"
"69","Gomes Ltda.","santiago.galhardo@deoliveira.net.br","73.446.130/0001-26"
"70","Espinoza e Paes","amanda24@rico.net.br","71.512.797/0001-54"
"71","de Oliveira S.A.","felipe.valentin@campos.com","73.270.142/0001-42"
"72","Lovato-Cortês","eaguiar@galvao.org","47.978.073/0001-16"
"73","Pacheco Ltda.","tais86@padilha.org","14.873.903/0001-91"
"74","Sales e Prado S.A.","tmadeira@sanches.com.br","13.243.593/0001-69"
"75","Verdara Comercial Ltda.","luna.lozano@marinho.com.br","54.401.371/0001-04"
"76","Azevedo Ltda.","santiago68@beltrao.com","55.809.185/0001-71"
"77","Rivera e Sanches","ian.escobar@quintana.com.br","25.686.431/0001-84"
"78","das Dores e Padrão S.A.","tais34@abreu.net","20.968.713/0001-50"
"79","Fidalgo e Delatorre","ddesouza@delgado.br","93.705.028/0001-05"
"80","Madeira e Filhos","norma83@duarte.org","04.664.828/0001-03"
"81","Valência Comercial Ltda.","brito.franco@lozano.com","31.685.600/0001-64"
"82","Delvalle-Corona","salgado.rafaela@leon.br","13.486.699/0001-93"
"83","Verdara e Associados","hcolaco@matos.br","65.831.599/0001-50"
"84","Pena S.A.","ucorona@ortega.com.br","23.576.799/0001-64"
"85","Carmona e Ávila e Associados","paulo.santana@rodrigues.com","54.195.571/0001-58"
"86","Galindo e Velasques e Filhos","nlozano@caldeira.net","04.016.007/0001-52"
"87","Esteves e Esteves","luis20@estrada.org","46.324.551/0001-01"
"88","Fontes-Fernandes","vmedina@serrano.com.br","20.805.621/0001-50"
"89","Zaragoça e Filhos","luana63@guerra.br","47.935.336/0001-00"
"90","Assunção-Mendonça","tsoares@padrao.net.br","19.173.652/0001-56"
"91","Balestero Ltda.","xvasques@camacho.com","27.445.373/0001-22"
"92","Salas Comercial Ltda.","luana73@matias.net.br","41.015.912/0001-14"
"93","Ferreira Comercial Ltda.","joaquin91@valdez.org","65.530.403/0001-98"
"94","Lira e Filhos","rebeca96@saraiva.com.br","51.772.607/0001-20"
"95","de Souza e Fontes","ddominato@madeira.net","37.991.932/0001-53"
"96","Carrara Comercial Ltda.","yvelasques@flores.com.br","51.653.398/0001-04"
"97","da Silva e Matos","isaac48@ortiz.com.br","26.668.130/0001-90"
"98","Rangel-Azevedo","vmadeira@cordeiro.com.br","48.046.938/0001-79"
"99","Galindo e Pontes","carlos66@dominato.com","83.098.433/0001-59"
"100","Verdugo-Ramires","rrocha@teles.com","87.498.229/0001-86"
"101","Leal Comercial Ltda.","ematos@sandoval.br","99.061.878/0001-02"
"102","Mascarenhas Comercial Ltda.","joao.saraiva@rodrigues.org","54.392.764/0001-07"
"103","Madeira e Filhos","josefina.barros@cervantes.net","15.654.990/0001-59"
"104","Ferreira-Valência","emanuel.lozano@sandoval.org","71.615.306/0001-09"
"105","Rico-Barreto","manuel.sales@toledo.com.br","79.719.563/0001-94"
"106","Torres e Queirós e Filhos","constancia.lovato@lutero.net.br","42.449.511/0001-35"
"107","Marés Ltda.","christopher.quintana@prado.net","08.121.208/0001-70"
"108","Vale e Soares e Associados","horacio70@dominato.com","89.008.817/0001-10"
"109","Sanches e Serrano","madalena.verdara@caldeira.net","87.396.445/0001-10"
"110","Sepúlveda e Filhos","dlutero@dacruz.org","06.461.890/0001-15"
"111","Santiago e Domingues e Associados","rsanches@deaguiar.com","99.792.275/0001-72"
"112","Toledo e Rocha","gustavo.maldonado@bonilha.br","65.594.159/0001-27"
"113","Fidalgo e Balestero","manuela.serna@gomes.net","18.937.075/0001-69"
"114","Lovato e Santiago S.A.","ashley15@benites.org","27.522.628/0001-03"
"115","Ortiz e Soto","csales@martines.org","59.389.030/0001-84"
"116","Marin Comercial Ltda.","sandoval.fabiana@rodrigues.com","91.942.514/0001-11"
"117","Quintana e Associados","miguel34@meireles.net.br","99.147.329/0001-47"
"118","Serna e Filhos","horacio80@lovato.net","75.822.574/0001-44"
"119","Camacho e Ramos e Filhos","suzana.avila@dias.com","86.341.087/0001-86"
"120","Gil e Assunção e Associados","ornela50@reis.com","77.655.200/0001-07"
"121","Matos-Rocha","beltrao.evandro@dasilva.com","06.851.767/0001-00"
"122","Meireles e Filhos","juliana62@molina.com","25.501.159/0001-10"
"123","Serrano Ltda.","emiliano.vila@delgado.org","95.114.624/0001-46"
"124","Molina e Filhos","valdez.alexa@delgado.com","57.070.310/0001-08"
"125","Verdugo Comercial Ltda.","catarina35@marinho.com.br","88.758.727/0001-83"
"126","Gil Comercial Ltda.","tdacruz@fonseca.com.br","22.858.855/0001-90"
"127","Teles e Quintana Ltda.","franco10@esteves.org","62.119.145/0001-63"
"128","Padilha Comercial Ltda.","evandro.velasques@meireles.net.br","23.272.868/0001-46"
"129","Cortês e de Souza Ltda.","dasneves.ornela@dasilva.br","30.919.013/0001-20"
"130","Ferreira e Duarte","jose.soares@aranda.org","26.996.340/0001-08"
"131","Pereira e Associados","marques.noel@abreu.org","67.576.856/0001-80"
"132","Rangel e Fonseca","azevedo.mateus@campos.com","63.777.838/0001-06"
"133","D'ávila Comercial Ltda.","teobaldo.romero@galhardo.com","44.239.611/0001-62"
"134","Velasques-Marin","clara32@verdara.net","43.623.630/0001-25"
"135","Teles e Gomes S.A.","franco.sepulveda@ferreira.com","52.049.865/0001-46"
"136","Marinho e Velasques","ariana93@carrara.com.br","06.226.527/0001-15"
"137","Ferreira Comercial Ltda.","psalgado@ferreira.com.br","29.461.348/0001-68"
"138","da Silva e Sales","bcorreia@vale.net","56.062.371/0001-52"
"139","Mascarenhas Comercial Ltda.","carlos.caldeira@urias.net","76.556.148/0001-79"
"140","Corona e Sepúlveda e Associados","regina77@soto.net","89.448.790/0001-86"
"141","Fidalgo e Assunção","umolina@valencia.com.br","82.752.598/0001-30"
"142","Uchoa e Delgado","flores.kevin@ramos.com.br","91.350.119/0001-40"
"143","Mendonça-Serna","fvila@perez.com.br","82.290.277/0001-60"
"144","Duarte Ltda.","antonieta88@fidalgo.com","66.923.936/0001-00"
"145","Rico e Sales","quintana.jacomo@caldeira.net","70.468.138/0001-03"
"146","Abreu e Santacruz Ltda.","fabiana93@maia.com.br","83.672.747/0001-13"
"147","Vila e Associados","luis.saraiva@ferminiano.com","09.665.174/0001-48"
"148","Paz e Associados","dzaragoca@rico.com","03.136.680/0001-63"
"149","Aguiar Ltda.","ferreira.alan@batista.com.br","37.820.276/0001-26"
"150","Azevedo e Filhos","festrada@guerra.com","71.379.890/0001-32"
"151","Leal e Associados","fernando79@ferraz.org","63.279.076/0001-18"
"152","Beltrão e Associados","giovane26@gusmao.com","25.300.826/0001-05"
"153","Casanova e Batista","julia.martines@assuncao.com.br","69.608.518/0001-09"
"154","Delgado e Quintana","aranda.mateus@padilha.com","51.215.794/0001-41"
"155","Delvalle e Associados","lozano.luciano@azevedo.net.br","97.036.885/0001-10"
"156","Balestero Comercial Ltda.","mchaves@cervantes.br","33.815.470/0001-62"
"157","Santacruz Ltda.","vila.valeria@galindo.br","70.634.623/0001-00"
"158","Marinho e Santana","fernandes.benjamin@beltrao.br","98.414.505/0001-05"
"159","Zamana e Filhos","valeria40@roque.com","21.557.666/0001-15"
"160","Montenegro e Carmona S.A.","tmeireles@darosa.net","69.642.947/0001-00"
"161","Medina Comercial Ltda.","rico.daniela@lovato.net","32.055.225/0001-31"
"162","Franco Comercial Ltda.","mia.dias@verdugo.com","40.836.727/0001-28"
"163","Paz e Delatorre","cruz.adriano@quintana.com","84.105.930/0001-08"
"164","Barros-Marés","tbarros@quintana.br","97.895.475/0001-25"
"165","Gil e Garcia","uvaldez@rivera.net.br","81.429.201/0001-00"
"166","Franco S.A.","micaela92@bittencourt.com","50.973.920/0001-64"
"167","Vieira Comercial Ltda.","pamela.oliveira@jimenes.org","17.354.514/0001-48"
"168","Quintana e Associados","tdeoliveira@zambrano.com.br","52.783.970/0001-04"
"169","Beltrão e Mendonça","vserra@lovato.net.br","26.623.426/0001-95"
"170","Serrano Comercial Ltda.","ian25@solano.net","60.204.523/0001-81"
"171","Romero Comercial Ltda.","mjimenes@mares.org","90.909.322/0001-40"
"172","Ortiz Comercial Ltda.","alessandra.maldonado@aranda.net","28.309.110/0001-59"
"173","Carmona e Fernandes e Associados","alonso58@sanches.com.br","89.255.139/0001-90"
"174","Serra-Pacheco","ytoledo@salazar.com.br","92.237.280/0001-74"
"175","Gil-Cervantes","eduardo.fernandes@oliveira.com.br","40.025.091/0001-34"
"176","Zaragoça e Gomes","goncalves.valentin@barreto.net","93.631.611/0001-19"
"177","Valdez e Salgado Ltda.","pedro02@roque.net","10.376.971/0001-94"
"178","Marques e Assunção e Filhos","fbittencourt@matos.com.br","96.832.947/0001-38"
"179","Vasques e Serrano","qdomingues@ferreira.net","72.797.747/0001-23"
"180","Ferminiano e Ferminiano","serrano.emanuel@aranda.com.br","67.600.681/0001-08"
"181","Queirós e Vieira","irosa@zamana.net.br","48.705.237/0001-02"
"182","Guerra-Dominato","galindo.david@duarte.org","56.064.304/0001-77"
"183","Maldonado e Paz S.A.","bianca.galvao@desouza.org","49.678.327/0001-06"
"184","das Neves Comercial Ltda.","juliana.quintana@valentin.net.br","51.295.829/0001-08"
"185","Tamoio-Barreto","iverdugo@deaguiar.org","99.231.057/0001-69"
"186","Franco e Campos","goncalves.joaquin@burgos.net","95.774.304/0001-12"
"187","Paes e Marés S.A.","ortiz.ivan@chaves.com","08.936.767/0001-39"
"188","Lira Comercial Ltda.","xcaldeira@campos.com.br","89.732.235/0001-81"
"189","Perez e Ortega","marques.dante@dasilva.com.br","09.873.696/0001-35"
"190","Mendes e Filhos","aranda.jasmin@azevedo.br","80.498.668/0001-40"
"191","Marinho Comercial Ltda.","benjamin.furtado@godoi.net.br","90.573.590/0001-34"
"192","Leon Comercial Ltda.","elias77@lovato.com.br","63.477.028/0001-34"
"193","Maia Comercial Ltda.","zcruz@pereira.org","79.277.994/0001-48"
"194","das Dores Comercial Ltda.","gqueiros@rodrigues.com","76.682.238/0001-06"
"195","Ramires e Verdugo e Filhos","camacho.allison@santiago.com.br","78.027.680/0001-24"
"196","Mascarenhas Ltda.","zambrano.inacio@estrada.com.br","35.425.646/0001-03"
"197","Ferreira Ltda.","fernando80@verdara.org","26.244.882/0001-24"
"198","Salazar Comercial Ltda.","ipena@pena.net","88.652.031/0001-78"
"199","Galvão S.A.","violeta.maia@ortiz.com.br","84.348.664/0001-36"
"200","Esteves e Barros","qortiz@gusmao.net","09.888.337/0001-51"
"201","Santana-Lovato","feliciano.jeronimo@leal.net","08.001.696/0001-82"
"202","Cortês-Ramos","matias.mascarenhas@serrano.com.br","17.271.301/0001-52"
"203","Aranda e Filhos","horacio52@toledo.com.br","77.312.370/0001-99"
"204","Valentin e Campos","fidalgo.hortencia@verdugo.net","09.492.486/0001-05"
"205","Martines Ltda.","hugo.sepulveda@lira.net.br","48.686.670/0001-30"
"206","Branco Comercial Ltda.","vcorreia@vale.com.br","83.263.825/0001-26"
"207","Uchoa S.A.","rafael.pacheco@domingues.net","25.028.829/0001-23"
"208","Campos S.A.","santana.daniel@salas.com","26.088.169/0001-39"
"209","Sepúlveda e Bittencourt","camila29@vila.com.br","35.562.266/0001-02"
"210","Pereira-Carmona","bezerra.micaela@rocha.com.br","06.019.277/0001-42"
"211","Galhardo-Molina","ornela98@batista.net.br","42.443.577/0001-18"
"212","Prado Ltda.","helena53@cervantes.net.br","00.984.441/0001-75"
"213","Faria S.A.","maite.neves@valencia.net.br","18.530.817/0001-37"
"214","Romero e Filhos","carolina44@deoliveira.com","64.825.337/0001-10"
"215","Barreto-Rangel","demian.gusmao@dasdores.com","32.550.044/0001-81"
"216","Solano-Serna","evasques@prado.br","40.621.731/0001-79"
"217","Bittencourt-Santana","montenegro.daniel@barros.com","25.640.679/0001-04"
"218","Rocha Comercial Ltda.","toledo.luna@rocha.org","78.036.758/0001-77"
"219","Verdugo e Ferminiano e Associados","christopher83@serna.com.br","92.319.101/0001-48"
"220","Salgado Comercial Ltda.","velasques.ian@godoi.org","98.704.521/0001-24"
"221","Cruz-Santana","maranda@soares.net.br","14.510.545/0001-52"
"222","Grego e D'ávila e Associados","dmontenegro@zamana.net","29.006.271/0001-36"
"223","Mascarenhas S.A.","dasneves.fabiana@darosa.com","72.630.109/0001-13"
"224","da Cruz e Filhos","daniel31@queiros.net","34.901.193/0001-73"
"225","Lira e Vasques","rafael85@dominato.com","35.832.461/0001-05"
"226","Ortiz e Fernandes e Associados","ferminiano.pedro@marinho.net","15.495.797/0001-12"
"227","Vila-Pedrosa","corona.elias@brito.net.br","47.082.440/0001-07"
"228","Queirós S.A.","rsaraiva@soto.br","93.287.605/0001-96"
"229","Mendonça Comercial Ltda.","mario.mares@meireles.net.br","16.505.831/0001-55"
"230","Romero-Abreu","ramires.abril@queiros.com","02.653.107/0001-64"
"231","Matias-Rico","domingues.ornela@ferreira.com.br","26.578.422/0001-32"
"232","Godói-de Souza","pedrosa.isabella@romero.com","06.020.418/0001-47"
"233","Meireles Comercial Ltda.","jose.leon@rico.com","33.303.786/0001-75"
"234","Queirós e Saraiva","aranda.isabella@deoliveira.com","11.890.422/0001-04"
"235","Jimenes Comercial Ltda.","rezende.diego@fonseca.net.br","59.116.769/0001-12"
"236","Madeira-Aranda","jorge.paz@dasilva.net.br","37.819.997/0001-16"
"237","Gusmão e Gomes","mendonca.vitoria@duarte.net.br","41.923.764/0001-36"
"238","Bittencourt-Fonseca","camacho.santiago@roque.net","28.421.356/0001-18"
"239","Benites e Maia","henrique.estrada@vale.com","41.447.763/0001-62"
"240","Carrara e Dominato","micaela.prado@abreu.br","61.971.815/0001-02"
"241","Vila-Vila","zbonilha@gil.com.br","53.807.688/0001-82"
"242","Lutero-Furtado","manuela.ortiz@correia.com","53.932.032/0001-91"
"243","Salas e de Aguiar e Filhos","christopher.godoi@sanches.com","50.022.983/0001-35"
"244","Ferminiano Comercial Ltda.","zamana.mia@dominato.com.br","04.284.836/0001-16"
"245","Fidalgo e Galindo","neves.inacio@sandoval.com.br","74.721.145/0001-18"
"246","Rico-Padilha","laura.cordeiro@uchoa.net","46.346.532/0001-86"
"247","Serrano e Quintana e Associados","hernani.jimenes@padilha.br","59.585.654/0001-77"
"248","Gusmão e Padrão","luzia.serrano@ortega.com","28.031.625/0001-30"
"249","Duarte Comercial Ltda.","bittencourt.malena@rico.com.br","51.605.175/0001-63"
"250","Delvalle-Cortês","camilo.marinho@furtado.com.br","68.826.550/0001-06"
"251","Torres e Sales e Filhos","jdias@flores.com.br","91.859.103/0001-67"
"252","Chaves Comercial Ltda.","valentin.velasques@mendonca.org","98.752.285/0001-11"
"253","Campos e Gusmão e Associados","isabel.santiago@ferreira.net","79.236.781/0001-78"
"254","Uchoa e Gusmão","bittencourt.allison@leon.com","78.457.078/0001-27"
"255","Serra S.A.","baguiar@torres.com","22.717.169/0001-08"
"256","Garcia e Galvão","pontes.maximiano@azevedo.org","97.568.394/0001-10"
"257","Rosa e Filhos","ebranco@feliciano.net","58.548.150/0001-14"
"258","Matias-Domingues","matias.teobaldo@oliveira.com.br","99.936.628/0001-60"
"259","Aranda e Filhos","guilherme98@fonseca.br","47.599.417/0001-86"
"260","Furtado Comercial Ltda.","simon.carmona@pereira.com","47.969.670/0001-84"
"261","Domingues Ltda.","mariana58@montenegro.net","33.386.980/0001-61"
"262","Aragão e Beltrão e Filhos","elias.gusmao@branco.org","37.914.704/0001-80"
"263","Lozano e Meireles","luara.matos@barros.org","19.896.065/0001-95"
"264","Rocha e Grego Ltda.","imares@balestero.org","14.382.063/0001-64"
"265","Santana e Associados","ashley51@ferreira.net","45.144.809/0001-25"
"266","Martines e Padrão e Filhos","tmendonca@lutero.com","19.073.557/0001-80"
"267","Escobar S.A.","pamela97@rangel.com","20.074.670/0001-60"
"268","Solano e Rangel e Filhos","bgarcia@caldeira.net","15.225.925/0001-08"
"269","Pacheco e Associados","bortega@garcia.com.br","75.167.237/0001-60"
"270","Ferreira Comercial Ltda.","padrao.matias@ramos.net","95.206.940/0001-48"
"271","Sandoval e Maia","paes.silvana@mares.net","88.307.586/0001-82"
"272","Casanova Ltda.","garcia.madalena@saraiva.com.br","09.021.098/0001-38"
"273","Ortiz-Bittencourt","luna48@queiros.com","75.440.760/0001-19"
"274","Martines e Mascarenhas","padrao.leonardo@queiros.com","08.253.242/0001-07"
"275","Marés e Esteves Ltda.","rafael.maia@dominato.com","12.522.450/0001-23"
"276","Quintana Comercial Ltda.","dante.esteves@lira.net","35.113.109/0001-10"
"277","Cortês e Padilha e Filhos","jimenes.nicole@ferreira.com","59.923.668/0001-53"
"278","Serna Comercial Ltda.","ymolina@reis.net","29.238.695/0001-26"
"279","Romero e Filhos","isabella96@solano.com.br","92.366.503/0001-01"
"280","Ferreira Ltda.","bdias@lozano.br","39.437.103/0001-59"
"281","Serna-Rivera","ana52@salazar.net","56.066.394/0001-35"
"282","Delvalle Comercial Ltda.","hugo.rocha@rosa.com","23.106.241/0001-15"
"283","Fontes-Marin","quintana.valentina@valentin.com.br","36.474.554/0001-78"
"284","Ramires S.A.","eduardo.padrao@pontes.com.br","34.783.317/0001-63"
"285","Pereira-Caldeira","ucordeiro@zambrano.net.br","36.207.718/0001-09"
"286","Furtado e Escobar e Associados","valentin.eduardo@estrada.br","55.142.007/0001-30"
"287","Tamoio e Associados","isadora13@faria.org","45.625.876/0001-61"
"288","Verdara S.A.","emiliano68@romero.net","39.222.302/0001-40"
"289","Velasques Comercial Ltda.","ubarros@rios.br","03.138.368/0001-09"
"290","Zamana-Delvalle","lutero.giovana@madeira.com","33.227.548/0001-28"
"291","Faro Ltda.","salome.ferraz@meireles.net.br","25.437.115/0001-79"
"292","Rico e Ramos","thiago.barros@rodrigues.br","17.014.925/0001-94"
"293","Fidalgo e da Cruz e Filhos","antonieta59@flores.com.br","24.765.173/0001-69"
"294","Teles e Cordeiro Ltda.","fespinoza@santacruz.net","53.102.899/0001-10"
"295","Rodrigues e Santiago","carla.teles@barreto.br","10.943.232/0001-37"
"296","Marques e Fontes","agustina.fontes@dias.com.br","39.889.679/0001-57"
"297","Balestero e Paz","galvao.miguel@rivera.com","16.748.496/0001-16"
"298","Maldonado e Faro","evandro.prado@brito.net.br","98.694.645/0001-76"
"299","Escobar e Sales","rabreu@branco.br","27.132.615/0001-28"
"300","Prado-Soto","eduardo69@fidalgo.com.br","73.413.269/0001-73"
"301","Jimenes Comercial Ltda.","micaela.delatorre@ortiz.net","02.781.769/0001-10"
"302","Cervantes Comercial Ltda.","allison90@estrada.net.br","01.995.480/0001-30"
"303","da Silva Ltda.","gil.demian@bezerra.net","28.611.479/0001-11"
"304","Uchoa S.A.","branco.mia@sepulveda.net","06.644.884/0001-01"
"305","Quintana e Assunção S.A.","fabiana.pontes@queiros.com.br","77.253.353/0001-28"
"306","Uchoa Comercial Ltda.","ariana.ramos@zaragoca.com.br","13.157.837/0001-90"
"307","Abreu-Faria","wbarros@leal.org","94.653.226/0001-35"
"308","Maldonado e Gomes e Associados","regina98@rios.br","06.934.354/0001-90"
"309","Azevedo e da Cruz Ltda.","regina.valentin@maia.com.br","85.573.054/0001-07"
"310","Valdez e Molina Ltda.","zambrano.clara@vieira.com","12.870.484/0001-09"
"311","Solano Comercial Ltda.","pedro.fidalgo@barreto.com","65.258.926/0001-27"
"312","Casanova Comercial Ltda.","melissa58@lutero.com","35.291.034/0001-67"
"313","das Dores S.A.","abarros@flores.br","49.506.841/0001-64"
"314","Perez e Esteves","carla.galhardo@cordeiro.net","48.555.887/0001-00"
"315","Pontes e Roque","dramos@jimenes.com.br","36.016.366/0001-04"
"316","Aranda e Cortês S.A.","ketlin97@delatorre.com","84.709.002/0001-44"
"317","Molina Comercial Ltda.","samanta.serra@vale.br","44.994.643/0001-73"
"318","Prado e Rezende","alonso07@deoliveira.net","05.153.672/0001-50"
"319","Abreu-Ferreira","valentina35@toledo.com","84.108.427/0001-06"
"320","Galhardo-Escobar","godoi.emilio@deaguiar.com.br","79.984.000/0001-23"
"321","Flores e Vale e Associados","noel.salazar@ortega.br","09.376.496/0001-77"
"322","Pereira e Filhos","maximiano.verdugo@deoliveira.org","72.334.184/0001-37"
"323","Santana Comercial Ltda.","romero.felipe@ortega.com","68.222.904/0001-03"
"324","Mendes Comercial Ltda.","christian.soto@godoi.com.br","32.252.791/0001-33"
"325","Fonseca e Assunção","favila@pontes.com.br","36.492.059/0001-91"
"326","Lutero Comercial Ltda.","evandro56@delgado.com","00.674.923/0001-29"
"327","Ferraz-Paes","fernandes.silvana@santacruz.com","84.097.729/0001-18"
"328","Meireles e Padrão","flores.felipe@balestero.org","38.886.963/0001-07"
"329","Brito Comercial Ltda.","saraiva.joao@serrano.com.br","50.374.769/0001-48"
"330","Esteves e da Cruz Ltda.","agustina52@ortega.com.br","14.795.818/0001-52"
"331","Marés e Salgado","mateus.aragao@pena.com","33.183.034/0001-18"
"332","Dominato e Filhos","cortes.jasmin@dominato.org","08.811.380/0001-56"
"333","Duarte e Filhos","estevao73@pedrosa.net","74.714.872/0001-58"
"334","Dias e Feliciano","oespinoza@ferreira.com.br","92.516.784/0001-23"
"335","Salas e Paes e Filhos","maite21@verdara.net","65.693.087/0001-75"
"336","Escobar e Velasques","giovana.valencia@torres.net.br","60.228.345/0001-29"
"337","Bittencourt e Filhos","samuel46@quintana.com.br","99.759.885/0001-74"
"338","Cortês e Santacruz","laura43@urias.net","91.582.397/0001-22"
"339","Paz Comercial Ltda.","adriano82@paz.org","82.640.705/0001-38"
"340","Batista e Ferreira Ltda.","meireles.paulo@rivera.net","80.582.185/0001-29"
"341","Aragão e Leon","yvalencia@torres.br","51.904.477/0001-32"
"342","Branco-Marques","nleon@pacheco.com.br","83.824.917/0001-38"
"343","Dias e Marés","coliveira@cordeiro.net","23.248.010/0001-46"
"344","Feliciano-Zaragoça","valentina.branco@toledo.net","58.273.180/0001-65"
"345","Teles-Gonçalves","zambrano.amanda@ferreira.br","55.686.795/0001-25"
"346","Sepúlveda e Uchoa e Filhos","vasques.bruno@dominato.com.br","15.830.128/0001-50"
"347","Benites e Associados","giovane43@gomes.com","20.542.860/0001-64"
"348","Jimenes e Matos","usantacruz@brito.br","74.960.245/0001-05"
"349","Esteves e Ortega e Associados","abonilha@esteves.org","05.259.438/0001-02"
"350","Ortiz-Marinho","luana00@lozano.org","17.122.687/0001-30"
"351","Carrara Comercial Ltda.","yvasques@colaco.br","43.165.602/0001-01"
"352","Campos-Reis","evandro.balestero@salas.br","80.937.604/0001-06"
"353","Batista-Dias","bianca.serra@rios.org","44.693.633/0001-06"
"354","Pontes-Serra","bgalvao@reis.br","71.826.190/0001-49"
"355","Carrara e Campos","rivera.jacomo@soares.com","66.265.521/0001-89"
"356","Queirós-Dominato","giovane78@ortega.com","27.523.115/0001-17"
"357","Fernandes e Filhos","klira@salas.com","03.590.347/0001-20"
"358","Cervantes e Benites S.A.","abgail54@mendonca.net.br","99.295.210/0001-11"
"359","Ferraz e Filhos","jcampos@branco.com","68.420.992/0001-40"
"360","Delgado Ltda.","romero.matias@zaragoca.com","71.061.654/0001-73"
"361","Correia e Faria S.A.","manuel.prado@ferreira.net.br","26.330.015/0001-01"
"362","Fonseca e Filhos","aragao.kevin@fidalgo.br","09.556.511/0001-69"
"363","Dias e Filhos","salome.galindo@fernandes.com.br","85.934.477/0001-05"
"364","Delatorre Ltda.","qqueiros@barros.com.br","79.952.980/0001-82"
"365","Leon-Santiago","madalena37@campos.org","06.870.414/0001-58"
"366","Verdara e Aranda e Associados","bcarmona@matias.com.br","47.401.165/0001-39"
"367","Marques Comercial Ltda.","inacio.medina@casanova.com.br","07.542.429/0001-50"
"368","de Souza-Flores","noel.campos@desouza.org","79.049.084/0001-08"
"369","Casanova Comercial Ltda.","pontes.luna@uchoa.com","37.238.714/0001-42"
"370","Mendonça e Galhardo","delvalle.noel@burgos.com","41.689.982/0001-58"
"371","Cordeiro e Santana","cruz.allison@azevedo.com","83.265.956/0001-42"
"372","Vila-Sales","juliana.flores@ferreira.net.br","20.403.610/0001-43"
"373","Lutero-Chaves","noel.delatorre@rios.org","37.055.596/0001-37"
"374","de Aguiar e Associados","xsalazar@zambrano.com.br","51.050.619/0001-41"
"375","Lovato-Cruz","suzana09@pereira.com","87.407.158/0001-69"
"376","Batista Ltda.","sofia.paes@mascarenhas.net.br","69.924.060/0001-05"
"377","Solano e Rezende Ltda.","tzamana@velasques.com","17.599.961/0001-67"
"378","Pacheco Comercial Ltda.","rmendes@matias.com","75.291.519/0001-75"
"379","Galindo e Associados","allison87@dacruz.net","39.453.968/0001-09"
"380","Oliveira Comercial Ltda.","neves.santiago@deoliveira.net.br","81.475.001/0001-94"
"381","Padilha e Ferreira Ltda.","hugo.rezende@grego.com","13.320.467/0001-60"
"382","Sandoval e Delgado","ricardo98@urias.com.br","63.830.902/0001-75"
"383","Aranda e Cruz Ltda.","norma.flores@lira.com.br","21.197.608/0001-28"
"384","Lutero e Filhos","francisco.garcia@serrano.net.br","46.212.410/0001-05"
"385","Fernandes e Esteves","rico.alexandre@camacho.br","49.569.314/0001-07"
"386","Zaragoça e Assunção Ltda.","tvila@mendonca.com.br","66.458.356/0001-81"
"387","Cruz-Beltrão","mendes.hortencia@maldonado.com.br","04.521.859/0001-05"
"388","Batista-Velasques","quintana.adriano@abreu.br","15.606.111/0001-13"
"389","Ferminiano e Rico e Filhos","qrosa@dasdores.br","27.307.085/0001-01"
"390","Faria Comercial Ltda.","ariana.aragao@padilha.net","84.191.350/0001-72"
"391","Balestero-Carmona","reis.miranda@campos.net.br","93.656.127/0001-44"
"392","Bonilha e Caldeira S.A.","emilia98@tamoio.com.br","48.495.690/0001-23"
"393","Azevedo Comercial Ltda.","carla.corona@queiros.net.br","11.863.284/0001-66"
"394","de Souza Comercial Ltda.","mendonca.cristovao@zaragoca.net","88.913.421/0001-54"
"395","Ferraz Comercial Ltda.","micaela.serrano@galindo.com.br","38.675.792/0001-77"
"396","Galvão e Fidalgo","xrocha@correia.net","21.140.218/0001-11"
"397","Zambrano-Verdara","ziraldo.delatorre@dominato.com","02.767.820/0001-39"
"398","Ávila e Salazar","gian.delvalle@dias.com.br","54.063.872/0001-28"
"399","Correia Comercial Ltda.","nverdugo@pacheco.com.br","12.048.633/0001-59"
"400","Leal e Colaço e Associados","alessandra.marques@neves.com","93.461.859/0001-89"
"401","Grego e Campos Ltda.","kevin.verdara@flores.com","84.987.703/0001-45"
"402","Paes Comercial Ltda.","zfernandes@aguiar.com","04.426.812/0001-54"
"403","Medina-Pereira","ana25@batista.com.br","60.442.518/0001-07"
"404","Bezerra Ltda.","tessalia.bezerra@rangel.org","35.889.277/0001-00"
"405","Sanches-Esteves","leal.fatima@saraiva.org","13.395.995/0001-89"
"406","Vale e Filhos","kevin.rivera@tamoio.br","88.150.120/0001-16"
"407","Perez Comercial Ltda.","teobaldo07@maia.com.br","31.799.982/0001-57"
"408","Rico e Salas","emilia.corona@solano.com","13.569.863/0001-26"
"409","Vega e Marques","rebeca.marin@dasneves.br","61.568.639/0001-62"
"410","Verdugo e Gil e Filhos","constancia.zambrano@ortiz.com.br","96.291.542/0001-30"
"411","Leal e Associados","manuel.prado@maia.org","33.108.151/0001-17"
"412","Flores e Fernandes e Filhos","ashley.cortes@barreto.com","38.376.299/0001-56"
"413","Campos e Toledo","aaranda@correia.br","32.322.575/0001-17"
"414","Quintana-Faro","olivia24@sandoval.net","16.225.284/0001-54"
"415","das Dores e Verdara","ornela.serra@zamana.com.br","74.139.164/0001-30"
"416","Santiago e Gonçalves S.A.","alma59@cortes.com","67.987.760/0001-05"
"417","da Cruz e Associados","hescobar@delatorre.org","94.103.389/0001-44"
"418","Sanches e Fidalgo Ltda.","aaron57@aranda.com.br","02.883.005/0001-35"
"419","Fidalgo-Valdez","reis.agostinho@dasdores.net","03.341.889/0001-69"
"420","Ferreira e Padrão","madalena.rangel@casanova.com.br","46.681.656/0001-18"
"421","Velasques e Vale","adesouza@ramires.com","19.529.955/0001-69"
"422","Zambrano e Matias e Associados","olivia.mendonca@serna.com","46.172.649/0001-90"
"423","Azevedo e Sales","quintana.nadia@goncalves.net","92.140.192/0001-50"
"424","Santiago e Santana Ltda.","daniela.rivera@benites.com.br","78.658.222/0001-93"
"425","Colaço Ltda.","salome62@fernandes.net.br","61.106.343/0001-20"
"426","Guerra-Escobar","aragao.fatima@flores.com","74.722.366/0001-00"
"427","Fonseca e Associados","mariana.deaguiar@delgado.com","68.924.967/0001-01"
"428","Serna-Montenegro","tais78@deoliveira.com","72.162.156/0001-80"
"429","Corona Ltda.","jasmin44@dasdores.com.br","83.247.174/0001-80"
"430","Salazar-Vasques","bruno16@perez.net.br","50.589.470/0001-00"
"431","Velasques-Vieira","roque.isabella@campos.com","66.311.482/0001-09"
"432","Galindo Comercial Ltda.","duarte.maite@perez.com","53.128.267/0001-25"
"433","Meireles e Galindo Ltda.","vieira.diego@padilha.com","64.702.871/0001-30"
"434","Vega-Velasques","romero.josue@roque.com.br","82.849.231/0001-39"
"435","Barreto e Valentin","quintana.horacio@pacheco.net","88.869.547/0001-79"
"436","Corona e Matias","dasilva.pamela@fernandes.com.br","54.430.240/0001-55"
"437","Montenegro e Aranda","tpacheco@vila.net","18.953.469/0001-00"
"438","Feliciano Comercial Ltda.","maximo67@fonseca.org","50.236.494/0001-86"
"439","Gusmão Comercial Ltda.","grego.luana@saraiva.com.br","19.588.361/0001-29"
"440","Delatorre e Valdez","rbarreto@padilha.net","63.112.034/0001-98"
"441","Fontes Comercial Ltda.","sofia.rico@dias.com.br","24.232.159/0001-08"
"442","Padrão e Aguiar","clara.pereira@velasques.com.br","07.895.535/0001-17"
"443","Pena e Zambrano","ksaraiva@abreu.com","16.490.075/0001-38"
"444","Guerra-Jimenes","tmascarenhas@mares.net.br","36.072.305/0001-56"
"445","Saraiva e Camacho","quintana.nicole@dasneves.org","70.522.433/0001-92"
"446","Duarte e Salazar Ltda.","cordeiro.michele@medina.com.br","41.947.942/0001-69"
"447","Santiago-Ávila","tpereira@quintana.org","02.576.410/0001-00"
"448","Mendonça e Delvalle","rafaela.marin@garcia.net","92.491.653/0001-39"
"449","Galvão-Santana","samuel13@gil.com.br","61.172.189/0001-94"
"450","Lutero e Ferminiano Ltda.","carlos.fontes@marinho.org","66.912.441/0001-78"
"451","Faro e da Cruz","barros.juliana@padilha.com.br","71.409.610/0001-91"
"452","Sandoval Ltda.","clara27@benites.com.br","12.198.889/0001-42"
"453","Camacho e Meireles S.A.","bianca47@saraiva.com","73.483.722/0001-18"
"454","Leal-Matos","nserna@carmona.com.br","50.177.995/0001-39"
"455","Fonseca Comercial Ltda.","dasdores.antonieta@rocha.net.br","80.947.524/0001-23"
"456","Cruz e Ferraz","hrosa@torres.net","34.832.351/0001-80"
"457","Rios e Chaves S.A.","oteles@camacho.com.br","23.587.810/0001-91"
"458","Medina e Pena Ltda.","scordeiro@sanches.com","51.945.291/0001-21"
"459","Correia e Associados","alexandre76@pedrosa.org","34.258.022/0001-78"
"460","Vega e Quintana","tfaro@neves.br","42.548.018/0001-72"
"461","Benites S.A.","matias57@barreto.com.br","19.975.292/0001-06"
"462","Faro e Vega e Associados","dcaldeira@fernandes.com.br","40.823.088/0001-66"
"463","Balestero Comercial Ltda.","jasmin43@tamoio.net","11.901.434/0001-89"
"464","Mendes-Pedrosa","ssalgado@ramos.net.br","45.630.600/0001-71"
"465","Padrão e Filhos","carolina58@dacruz.com.br","54.583.428/0001-33"
"466","Maia e Filhos","burgos.carolina@salas.br","75.100.990/0001-39"
"467","das Neves-Lovato","fatima.soto@rodrigues.net.br","57.221.984/0001-58"
"468","Serna e Ortega","ocampos@sandoval.br","41.069.365/0001-50"
"469","Rezende Ltda.","laura16@zambrano.com.br","28.521.064/0001-57"
"470","Uchoa e Salas","fabio27@galhardo.com.br","94.154.151/0001-48"
"471","Zambrano e Associados","ornela14@garcia.net","08.349.475/0001-08"
"472","Feliciano e Zambrano","isoto@teles.com.br","34.385.031/0001-20"
"473","Leal-Pedrosa","uchoa.maximiano@ferreira.net.br","82.312.513/0001-00"
"474","Furtado e Balestero Ltda.","luzia76@rezende.org","11.358.662/0001-54"
"475","Esteves e Gomes e Associados","rocha.maximiano@ramos.com","94.360.640/0001-56"
"476","Santana e Ferreira Ltda.","pacheco.agustina@domingues.net.br","46.219.311/0001-47"
"477","Balestero e Beltrão","rebeca.ramos@mendes.br","52.085.655/0001-03"
"478","Garcia S.A.","massuncao@padrao.net","33.829.892/0001-97"
"479","Ferraz e Pedrosa","emiliano99@verdara.com","36.949.260/0001-55"
"480","Colaço-Vila","ubezerra@martines.com.br","91.915.286/0001-90"
"481","Burgos-Dominato","diego31@marques.net.br","32.546.952/0001-00"
"482","Torres S.A.","ricardo.quintana@aranda.net.br","99.187.393/0001-51"
"483","Aragão-Soares","xmendes@barros.com.br","41.201.524/0001-28"
"484","Bittencourt-Fonseca","slutero@toledo.com","34.376.237/0001-93"
"485","Vasques-Serra","flutero@campos.com.br","98.568.548/0001-37"
"486","Dominato e Paes e Associados","ivana.maia@delgado.com.br","62.246.790/0001-47"
"487","Duarte e Marinho e Filhos","alexandre.aranda@garcia.com","69.161.685/0001-54"
"488","Sales-Valdez","hvega@azevedo.com","94.404.477/0001-86"
"489","Cruz e Associados","evandro.gil@ferreira.com.br","03.642.954/0001-96"
"490","Barros e Estrada e Filhos","jeronimo.deoliveira@ramos.net","30.251.429/0001-12"
"491","Galhardo S.A.","guilherme95@azevedo.br","54.278.590/0001-48"
"492","Delvalle Comercial Ltda.","anderson.vega@ortega.com","26.877.143/0001-70"
"493","Gusmão-Lutero","diego92@deoliveira.com","86.709.075/0001-61"
"494","Balestero e Delatorre","brios@godoi.br","50.097.107/0001-78"
"495","Franco e Balestero","sgodoi@ferreira.com.br","72.118.182/0001-00"
"496","Gonçalves-Cortês","barros.renata@gil.com","10.301.163/0001-68"
"497","Maldonado e Leal","adriano.gil@dasdores.br","24.564.907/0001-41"
"498","Vega-Fidalgo","rodrigues.juliana@corona.com","93.988.794/0001-24"
"499","Rocha-Carrara","laura72@matos.com","54.237.805/0001-82"
"500","Galhardo e Toledo e Filhos","ian11@vega.com","48.961.395/0001-15"
"501","Queirós e Vila","natal10@cortes.com.br","56.795.701/0001-19"
"502","Valentin e Associados","garcia.luis@mares.org","82.249.481/0001-38"
"503","Valdez e Leon","tomas81@romero.com","97.569.553/0001-00"
"504","Lozano S.A.","franco.ricardo@mendonca.br","95.157.840/0001-79"
"505","Aguiar e Paes","daniel32@soto.com","51.355.781/0001-78"
"506","Rivera-Ávila","abgail09@quintana.com.br","67.525.517/0001-75"
"507","Vila Ltda.","luis48@aranda.com.br","65.918.081/0001-59"
"508","Serrano Comercial Ltda.","aaron55@brito.org","41.198.727/0001-02"
"509","Soto-Corona","darosa.mariana@meireles.net.br","53.798.740/0001-81"
"510","Dias Comercial Ltda.","furtado.nicole@marques.com.br","80.085.045/0001-45"
"511","Serra Comercial Ltda.","micaela.aragao@garcia.com.br","31.183.796/0001-99"
"512","Flores Comercial Ltda.","tabata25@valdez.com","11.270.250/0001-68"
"513","Reis-Rodrigues","soto.ivan@darosa.br","33.767.170/0001-55"
"514","Leal-Pedrosa","bsalgado@serra.net.br","91.924.274/0001-22"
"515","Ortega-Lutero","thalissa68@marin.com","87.628.700/0001-03"
"516","Gil e Quintana Ltda.","laura40@cervantes.net","69.556.969/0001-40"
"517","Salas-Sanches","david56@desouza.net","50.539.369/0001-45"
"518","da Silva Comercial Ltda.","ferreira.estevao@pedrosa.com.br","80.817.333/0001-47"
"519","Delvalle e da Rosa Ltda.","jpereira@perez.net","13.252.009/0001-31"
"520","Salas e Faria","grego.hugo@romero.org","23.999.554/0001-40"
"521","Saraiva-Barreto","isabella.desouza@fernandes.net.br","37.348.040/0001-39"
"522","Padrão e Salas e Associados","cordeiro.pedro@ramos.org","14.085.936/0001-77"
"523","Mendonça e Serna","mvale@santacruz.net","27.908.065/0001-96"
"524","das Neves Comercial Ltda.","quintana.sergio@dasilva.org","05.904.877/0001-20"
"525","Rios-Barreto","bruno27@roque.net.br","96.285.342/0001-74"
"526","de Oliveira e Quintana","marin.alonso@torres.br","00.908.301/0001-18"
"527","Gonçalves Comercial Ltda.","juliana.valentin@pedrosa.net.br","31.695.101/0001-58"
"528","Pereira e Sanches S.A.","pedrosa.martinho@delvalle.net","15.503.289/0001-39"
"529","Salgado e Salgado","martinho.santacruz@galhardo.net.br","36.249.092/0001-95"
"530","Gomes Ltda.","madeira.ana@montenegro.org","20.465.412/0001-04"
"531","Gonçalves e Vega","foliveira@pedrosa.net","56.908.128/0001-02"
"532","Burgos e Rezende e Filhos","pontes.ian@colaco.net.br","57.292.340/0001-50"
"533","Beltrão Comercial Ltda.","ariana.batista@lozano.com.br","60.598.127/0001-86"
"534","Teles-Barreto","antonieta.mares@sepulveda.br","53.008.225/0001-50"
"535","Gusmão Comercial Ltda.","uqueiros@vieira.com","80.455.921/0001-88"
"536","Guerra-Roque","ferminiano.paula@estrada.com","82.416.288/0001-44"
"537","Assunção Ltda.","xfaro@faro.org","22.529.143/0001-28"
"538","Ferreira S.A.","josefina.delgado@ramires.br","29.165.099/0001-63"
"539","Lovato S.A.","gustavo.verdara@burgos.com.br","49.481.593/0001-44"
"540","Lutero Ltda.","maite.vasques@garcia.org","62.125.956/0001-77"
"541","Salazar e Ferreira","soares.noeli@jimenes.com.br","88.139.455/0001-33"
"542","Verdara e Vega S.A.","sophie.reis@maldonado.net","34.014.686/0001-91"
"543","Sales e Salazar","josue.darosa@barros.org","53.829.457/0001-70"
"544","Galvão e Delgado","giovane.santiago@urias.org","31.808.065/0001-91"
"545","Rico e Galvão","gpadrao@maldonado.com.br","42.780.448/0001-15"
"546","Cordeiro e Fernandes e Filhos","amontenegro@rios.com","48.236.514/0001-77"
"547","Brito e Associados","constancia.duarte@paz.org","07.115.697/0001-95"
"548","Urias e Domingues","fprado@rivera.com.br","56.148.547/0001-93"
"549","Caldeira e Medina S.A.","dante.matias@lira.com","00.084.112/0001-78"
"550","Valdez e Zaragoça Ltda.","naguiar@valdez.com.br","04.058.835/0001-53"
"551","Benites-Fontes","pamela.matias@santiago.net.br","49.944.896/0001-56"
"552","Marinho e Leon e Filhos","diego31@lovato.net.br","15.939.112/0001-80"
"553","Sandoval-Leal","alonso47@padrao.com","54.501.235/0001-96"
"554","Santana Comercial Ltda.","paulo.brito@quintana.com","48.462.773/0001-16"
"555","Franco e Ferminiano e Associados","amatias@cordeiro.net","11.092.832/0001-00"
"556","Faro Comercial Ltda.","queiros.amanda@carmona.org","01.049.100/0001-75"
"557","Soto Comercial Ltda.","ibenites@vega.com","64.545.587/0001-05"
"558","Rocha e Urias S.A.","solano.camilo@pedrosa.net","22.020.602/0001-43"
"559","Marin e Filhos","tomas23@toledo.net.br","82.840.502/0001-95"
"560","Madeira Ltda.","feliciano.salome@vasques.org","78.573.601/0001-80"
"561","Ortiz S.A.","constancia29@mares.com","23.935.214/0001-55"
"562","Verdara e Associados","isales@maldonado.com","74.190.526/0001-18"
"563","Zamana Comercial Ltda.","martines.silvana@romero.com.br","63.820.528/0001-27"
"564","Maldonado-Rodrigues","tserna@fonseca.com","39.490.560/0001-07"
"565","Esteves e Mascarenhas Ltda.","mpereira@duarte.org","04.061.081/0001-90"
"566","Lovato e Ferreira Ltda.","natalia78@torres.com","55.372.467/0001-54"
"567","Leon-Marin","rpacheco@escobar.net.br","94.506.822/0001-92"
"568","Quintana-Ávila","klovato@salazar.com","65.925.008/0001-04"
"569","Dominato e Filhos","alessandra98@colaco.net.br","37.246.457/0001-90"
"570","Galindo e Filhos","julieta59@delatorre.com","81.765.976/0001-57"
"571","Assunção-Leal","sara.medina@molina.org","54.081.591/0001-06"
"572","Reis Comercial Ltda.","cdelgado@escobar.com","43.245.685/0001-49"
"573","da Rosa e Uchoa e Associados","benjamin73@lovato.com.br","10.627.311/0001-39"
"574","da Rosa Comercial Ltda.","sdomingues@ramos.org","28.081.827/0001-96"
"575","Serrano e da Silva e Filhos","simao.lira@feliciano.net.br","53.688.915/0001-06"
"576","Verdugo Comercial Ltda.","martines.luana@batista.net","39.507.892/0001-57"
"577","Montenegro e Associados","isabel69@romero.br","54.266.696/0001-21"
"578","Rangel-Zaragoça","iquintana@torres.net.br","15.016.661/0001-82"
"579","Batista S.A.","gsolano@carmona.br","88.862.167/0001-02"
"580","Fonseca e Delvalle","sebastiao.dias@fidalgo.net.br","76.348.512/0001-05"
"581","Corona-Pedrosa","martinho87@galvao.net","14.531.471/0001-30"
"582","da Cruz e Aguiar e Filhos","jasmin.assuncao@caldeira.com.br","00.559.965/0001-19"
"583","Cordeiro-Faro","qverdara@barros.org","83.596.891/0001-18"
"584","Matias-Medina","miguel.fernandes@padilha.net","49.125.324/0001-45"
"585","Vieira Comercial Ltda.","alonso81@goncalves.br","41.210.335/0001-11"
"586","Madeira e Filhos","iaranda@madeira.com.br","71.206.302/0001-69"
"587","Pereira e Grego","mvalencia@matias.br","90.849.950/0001-88"
"588","Godói e Prado e Filhos","fabiana.sandoval@ortiz.com","72.225.462/0001-18"
"589","Valentin-Rios","saraiva.joana@pena.net","99.744.526/0001-43"
"590","Quintana e Meireles e Filhos","quintana.simon@santana.com.br","75.492.034/0001-40"
"591","Velasques e Espinoza e Filhos","nbarreto@dasneves.com.br","68.578.913/0001-23"
"592","Rivera Comercial Ltda.","everton50@duarte.com.br","96.053.431/0001-95"
"593","Mascarenhas e Santiago e Filhos","bianca.branco@campos.net","78.991.546/0001-49"
"594","Faro Comercial Ltda.","zambrano.sofia@sandoval.com","30.500.484/0001-07"
"595","Delatorre S.A.","regina33@rangel.org","06.439.563/0001-67"
"596","Marin e Padilha e Associados","beatriz.dasdores@mares.net","77.554.868/0001-68"
"597","Teles Comercial Ltda.","ariana33@vasques.com","89.301.625/0001-05"
"598","Paz e Associados","cortes.abgail@ferminiano.br","78.518.752/0001-36"
"599","Rivera Comercial Ltda.","adelgado@galvao.com.br","86.604.489/0001-26"
"600","de Souza Ltda.","manuela.salazar@aguiar.net","27.976.695/0001-06"
"601","Campos Comercial Ltda.","franco.sofia@montenegro.net.br","35.753.175/0001-54"
"602","Pedrosa e Colaço","carla.aguiar@fernandes.com","41.539.050/0001-29"
"603","Saraiva e Filhos","antonieta08@abreu.com","13.439.136/0001-44"
"604","Delgado Comercial Ltda.","ldeaguiar@paz.com.br","81.105.446/0001-82"
"605","Delgado e Assunção Ltda.","elias43@queiros.org","63.952.960/0001-71"
"606","Cordeiro e Marques","thiago79@montenegro.org","04.986.283/0001-43"
"607","Oliveira e Associados","marin.luciana@serna.com","65.945.721/0001-10"
"608","Flores Ltda.","maximo.batista@vila.net.br","92.106.135/0001-54"
"609","Torres e Saraiva e Associados","luciana14@sepulveda.com","16.357.287/0001-41"
"610","Marés-Verdara","kgalindo@zambrano.com","82.722.276/0001-48"
"611","Brito Comercial Ltda.","roque.rafael@queiros.br","35.077.611/0001-12"
"612","da Rosa e Solano e Filhos","evandro.abreu@matias.br","38.369.927/0001-76"
"613","Dias S.A.","vroque@dias.org","68.946.667/0001-15"
"614","Azevedo e Valentin S.A.","oquintana@aranda.net.br","23.082.442/0001-20"
"615","Furtado Comercial Ltda.","pablo.dasilva@leal.com","44.151.893/0001-41"
"616","Meireles e Associados","pedro05@dominato.net","67.042.896/0001-42"
"617","Queirós e Dias","paz.miranda@dias.org","35.965.928/0001-95"
"618","Martines-Queirós","garcia.rodrigo@ortiz.org","64.679.541/0001-70"
"619","Neves e Caldeira","mia.batista@casanova.org","90.892.598/0001-63"
"620","Vale e Queirós S.A.","sergio.lira@vale.com.br","90.063.896/0001-40"
"621","Abreu e Santiago","odelatorre@bezerra.net","23.918.794/0001-72"
"622","da Cruz Comercial Ltda.","dreis@rocha.net.br","91.526.274/0001-74"
"623","Ramires e Lira","hortencia77@galindo.com.br","53.036.106/0001-01"
"624","D'ávila Comercial Ltda.","perez.nadia@jimenes.com","54.395.368/0001-25"
"625","Pena e Associados","jasmin.mares@vasques.com.br","68.842.489/0001-82"
"626","Vasques-Galvão","yleon@rivera.net","67.206.541/0001-41"
"627","Rodrigues e Camacho e Associados","ornela16@godoi.br","54.728.300/0001-10"
"628","Fontes-Cortês","vferreira@dasneves.org","83.542.695/0001-60"
"629","de Souza e Filhos","luzia50@barreto.net","44.343.247/0001-86"
"630","Leal Comercial Ltda.","salgado.catarina@oliveira.com","30.393.960/0001-20"
"631","Casanova e Zaragoça e Associados","isaac.zaragoca@gusmao.net","82.944.553/0001-67"
"632","Madeira-Oliveira","tbarreto@balestero.com.br","85.088.468/0001-32"
"633","Quintana e Valdez","alonso.santacruz@dias.com.br","42.515.091/0001-48"
"634","Vale e Lovato e Associados","jasmin.dominato@valencia.com","84.507.167/0001-33"
"635","de Souza e Santiago e Filhos","hgalhardo@carmona.com","79.820.076/0001-13"
"636","Toledo Comercial Ltda.","irene35@rosa.com.br","35.490.393/0001-43"
"637","Assunção Comercial Ltda.","lucas.pacheco@zambrano.com","61.675.487/0001-05"
"638","Furtado Comercial Ltda.","jasmin60@pacheco.com","44.245.933/0001-14"
"639","Queirós-Pacheco","sofia.uchoa@balestero.com.br","67.022.796/0001-54"
"640","Padilha e Maldonado","davila.inacio@madeira.br","39.320.563/0001-00"
"641","Uchoa e Paes","fpadrao@sepulveda.org","07.518.363/0001-62"
"642","Beltrão S.A.","bianca23@delvalle.com.br","51.665.859/0001-50"
"643","Faro e Filhos","adriano.soares@molina.org","77.575.889/0001-60"
"644","Ferreira-Leal","thalissa77@cortes.com.br","89.650.924/0001-47"
"645","Santana Comercial Ltda.","paula93@santacruz.net.br","06.936.369/0001-97"
"646","Chaves Comercial Ltda.","manuel80@ferreira.net.br","56.814.167/0001-40"
"647","Delgado Comercial Ltda.","wcarrara@campos.com.br","04.575.060/0001-93"
"648","Marés e Furtado","odavila@valentin.br","59.306.455/0001-82"
"649","Mascarenhas S.A.","gabriel71@carrara.org","69.460.686/0001-08"
"650","Urias e Franco e Filhos","guilherme.serrano@desouza.br","15.522.176/0001-80"
"651","Santana e Fonseca Ltda.","mateus04@toledo.com.br","23.286.065/0001-40"
"652","Gomes Comercial Ltda.","tdeaguiar@rivera.net.br","74.909.519/0001-23"
"653","Roque S.A.","davila.camilo@vila.br","85.493.793/0001-80"
"654","Delgado-Galhardo","rios.alan@estrada.com","01.316.207/0001-32"
"655","Salazar e Filhos","jbarreto@rocha.org","78.094.724/0001-39"
"656","Ramos e Leon","cristovao48@rios.com","04.344.063/0001-16"
"657","Velasques-Colaço","gdacruz@grego.com","80.658.893/0001-04"
"658","Escobar e Filhos","udasilva@cruz.br","44.212.790/0001-44"
"659","Rocha-Rocha","tomas.padilha@delgado.org","57.540.055/0001-01"
"660","Quintana e Associados","pabreu@beltrao.com","17.631.149/0001-71"
"661","Verdugo Comercial Ltda.","teobaldo.faria@batista.com","38.100.168/0001-41"
"662","Campos e Godói","jeronimo.oliveira@cortes.com","67.693.236/0001-21"
"663","Madeira-Padrão","tais.sepulveda@fontes.com.br","52.943.467/0001-79"
"664","Corona e Faro","luna87@zambrano.org","67.889.247/0001-81"
"665","Beltrão-Corona","salome.benites@delgado.com.br","12.135.109/0001-15"
"666","Vasques Ltda.","fabiana79@vieira.net.br","76.471.713/0001-03"
"667","Franco Comercial Ltda.","kmarinho@romero.br","41.812.703/0001-00"
"668","Paes Comercial Ltda.","domingues.antonio@dasneves.com.br","13.817.171/0001-50"
"669","Salgado e Branco S.A.","juliana11@pontes.net","75.425.604/0001-89"
"670","Vasques-Abreu","oesteves@romero.com","23.262.926/0001-50"
"671","Vieira Comercial Ltda.","gian75@santana.com.br","09.661.911/0001-34"
"672","Fontes-Pontes","cjimenes@delvalle.com.br","55.747.784/0001-08"
"673","Rivera Comercial Ltda.","guilherme.deaguiar@leon.net","18.135.969/0001-35"
"674","Ferminiano e Guerra","dortiz@fontes.org","60.122.332/0001-70"
"675","Ferreira e Beltrão","dias.leonardo@goncalves.com.br","77.634.220/0001-00"
"676","Branco S.A.","tessalia13@pena.com","55.839.246/0001-43"
"677","Salas e Cordeiro e Associados","rafaela.dasdores@fontes.com.br","84.568.727/0001-60"
"678","Correia e Meireles","mateus93@cordeiro.br","19.859.973/0001-09"
"679","Queirós-Esteves","davila.inacio@roque.com","79.153.252/0001-00"
"680","Montenegro Comercial Ltda.","mariana30@ramires.br","43.595.446/0001-19"
"681","Bonilha Comercial Ltda.","pamela.barros@mascarenhas.com","15.081.989/0001-82"
"682","Lozano e Pacheco e Filhos","joana.esteves@gil.com.br","41.653.922/0001-85"
"683","Zaragoça e Fernandes e Associados","ysaraiva@pereira.com","54.925.510/0001-07"
"684","Leon-Rosa","nperez@caldeira.com","40.650.241/0001-09"
"685","Jimenes Comercial Ltda.","christian75@bittencourt.com.br","17.983.096/0001-58"
"686","Mendes Comercial Ltda.","ricardo93@escobar.org","52.681.058/0001-41"
"687","Garcia e Delatorre Ltda.","santiago65@galindo.org","22.476.990/0001-71"
"688","Rezende e Aranda","isadora.aranda@quintana.net.br","08.453.229/0001-93"
"689","Valentin e da Rosa e Associados","emanuel.galvao@guerra.org","33.881.261/0001-17"
"690","Bonilha e Uchoa e Filhos","icamacho@aranda.net","05.589.625/0001-54"
"691","Tamoio-Burgos","mendonca.alan@maldonado.com.br","52.893.339/0001-68"
"692","Corona-Flores","bsantiago@delgado.br","35.621.007/0001-05"
"693","Duarte Comercial Ltda.","lucas.rocha@bezerra.com","86.224.741/0001-71"
"694","Padrão Ltda.","luana36@casanova.org","98.548.480/0001-24"
"695","Pontes Comercial Ltda.","esalgado@cervantes.net.br","92.317.047/0001-00"
"696","Cortês S.A.","nadia.cortes@ortega.com.br","37.244.640/0001-57"
"697","Lutero e da Cruz","branco.matias@jimenes.net","07.662.863/0001-73"
"698","Duarte e Associados","romero.leandro@campos.org","67.283.046/0001-36"
"699","Santacruz e de Aguiar S.A.","leandro32@solano.net","59.495.410/0001-01"
"700","Solano e Marinho e Associados","rocha.fernando@dasneves.com.br","88.554.791/0001-42"
"701","Godói-Lutero","ndarosa@solano.net.br","45.703.664/0001-55"
"702","Carmona e Caldeira e Filhos","antonio49@flores.com","88.781.137/0001-71"
"703","Chaves Comercial Ltda.","andres.jimenes@pacheco.com","32.608.133/0001-31"
"704","Serrano e Barreto e Associados","fonseca.pamela@prado.com","64.411.155/0001-01"
"705","Fontes Comercial Ltda.","santiago.emilio@marques.com","54.393.849/0001-00"
"706","Beltrão Comercial Ltda.","constancia04@bittencourt.br","79.851.396/0001-30"
"707","Matos-Vila","pereira.tessalia@bonilha.com.br","30.627.677/0001-15"
"708","Ferraz e Associados","carmona.valeria@abreu.com.br","78.666.268/0001-54"
"709","Leon-Martines","aranda.andres@mendonca.com.br","82.894.484/0001-24"
"710","Molina-Santiago","luciana86@salas.net.br","59.445.261/0001-68"
"711","Camacho Comercial Ltda.","maldonado.hernani@perez.com","26.377.384/0001-50"
"712","Sepúlveda Comercial Ltda.","maximo.salazar@serrano.br","84.860.922/0001-69"
"713","Zambrano e Godói","rebeca.solano@rivera.com.br","12.869.039/0001-29"
"714","da Silva e Associados","wfaria@pena.com.br","76.984.253/0001-09"
"715","Camacho Comercial Ltda.","valdez.fabio@cordeiro.com","67.732.435/0001-00"
"716","Batista e Burgos","gvasques@barros.net.br","48.147.367/0001-69"
"717","Sanches-Gusmão","clozano@avila.com.br","95.759.482/0001-74"
"718","Maia e Martines e Filhos","qqueiros@feliciano.com","57.165.987/0001-11"
"719","Maia-Pacheco","lpacheco@carmona.org","53.703.705/0001-31"
"720","Ferraz e Batista","ddomingues@montenegro.net","56.016.438/0001-12"
"721","Perez-Santiago","matias.gian@franco.net","91.173.622/0001-77"
"722","Santacruz-Bezerra","demian87@saraiva.com","54.680.346/0001-07"
"723","Casanova-Grego","gustavo.ferreira@estrada.com","76.539.800/0001-47"
"724","Galvão e Azevedo e Filhos","ortega.tessalia@ferreira.net.br","01.256.387/0001-04"
"725","Rezende e Meireles","marinho.joao@jimenes.com","38.637.918/0001-19"
"726","Delvalle Comercial Ltda.","ariana.gusmao@pereira.com.br","27.710.359/0001-09"
"727","Uchoa e Balestero","qsales@padrao.com.br","51.774.437/0001-13"
"728","das Neves Ltda.","christian.urias@delatorre.net.br","91.203.461/0001-17"
"729","Pontes Comercial Ltda.","evandro38@pacheco.com","23.640.014/0001-75"
"730","Fonseca e Associados","paulo69@assuncao.com","09.604.010/0001-00"
"731","Serrano e Leon","irene97@davila.org","29.000.636/0001-15"
"732","Faria e Filhos","aranda.joaquin@salas.com.br","56.087.604/0001-71"
"733","Uchoa e Rangel Ltda.","benjamin20@verdugo.net.br","12.021.527/0001-81"
"734","Sandoval-Faria","fernando63@aguiar.net.br","82.968.473/0001-41"
"735","Jimenes Comercial Ltda.","ddelgado@deaguiar.com.br","87.835.233/0001-92"
"736","Pena e Faro e Associados","eduardo94@camacho.com.br","73.130.893/0001-63"
"737","Sepúlveda e Camacho Ltda.","sandoval.nadia@colaco.br","51.258.401/0001-87"
"738","Aragão e Associados","bonilha.olivia@maldonado.com.br","92.213.538/0001-00"
"739","Vila e Neves","ariana78@pereira.com","53.583.815/0001-07"
"740","Prado-Velasques","rfeliciano@solano.net.br","28.338.871/0001-39"
"741","Bittencourt Comercial Ltda.","rico.maximo@dasdores.net","71.228.106/0001-95"
"742","de Souza-Jimenes","alessandra.salazar@saraiva.net.br","93.715.209/0001-12"
"743","Cervantes-Verdara","cgomes@dias.net","86.177.182/0001-96"
"744","Vila e Ferminiano e Filhos","galvao.franco@barros.com.br","89.971.863/0001-10"
"745","Aranda-Casanova","verdara.rodrigo@fernandes.br","38.023.159/0001-02"
"746","Verdugo-Faria","camilo.ferminiano@caldeira.org","75.937.341/0001-97"
"747","Lira-Escobar","leon.madalena@sepulveda.com","60.174.831/0001-01"
"748","Mendonça Comercial Ltda.","rebeca.campos@faro.br","58.318.975/0001-42"
"749","Paes e Flores e Associados","dramos@aguiar.org","13.702.191/0001-85"
"750","Sales e Grego","christopher.serna@rivera.com","84.775.685/0001-38"
"751","Tamoio e Padrão e Associados","rdasdores@galhardo.com.br","20.727.761/0001-57"
"752","Rocha Ltda.","michele.ferreira@franco.net.br","24.686.895/0001-28"
"753","Sanches e Fonseca S.A.","ferreira.giovane@montenegro.net.br","63.391.139/0001-23"
"754","Barreto Comercial Ltda.","melissa18@dasilva.com.br","16.654.301/0001-79"
"755","Cortês Comercial Ltda.","agostinho50@galhardo.net","54.264.017/0001-85"
"756","Rico-Zambrano","david46@salgado.org","44.629.253/0001-02"
"757","Ferraz-Ferreira","amanda.rico@zambrano.com.br","35.442.570/0001-16"
"758","Cordeiro e Ferminiano e Filhos","emiliano.aguiar@deaguiar.com","08.045.245/0001-47"
"759","Rico e Marin","martinho00@flores.br","54.309.034/0001-91"
"760","Vega e Sales e Filhos","isabella.santana@urias.com.br","43.764.029/0001-52"
"761","Lozano e Balestero","tabata35@avila.com.br","11.372.135/0001-02"
"762","Urias e Velasques","matos.irene@soto.com.br","83.230.612/0001-06"
"763","Torres e Associados","cortes.ivan@rodrigues.com","07.608.554/0001-15"
"764","Faria e Sales","sebastiao38@verdugo.br","95.186.144/0001-90"
"765","Urias e Montenegro","reis.henrique@rangel.com","81.381.729/0001-57"
"766","Caldeira e Associados","gbranco@davila.net.br","43.457.730/0001-29"
"767","Espinoza S.A.","delatorre.rebeca@carmona.net","19.880.967/0001-33"
"768","Queirós e Espinoza e Filhos","xcarrara@salazar.org","89.036.417/0001-18"
"769","Serra-Fernandes","benjamin50@queiros.br","74.726.725/0001-06"
"770","Urias Comercial Ltda.","daniel71@rodrigues.com","11.676.325/0001-05"
"771","Corona Ltda.","ocarrara@ortiz.com.br","71.348.918/0001-74"
"772","Pena-Furtado","esteves.franco@davila.com","29.353.769/0001-75"
"773","Salgado e Padilha","ydeaguiar@lutero.com","49.309.630/0001-31"
"774","Cortês e Carrara e Filhos","galindo.joaquin@feliciano.com.br","04.951.136/0001-38"
"775","Correia Ltda.","horacio.rosa@leon.com","33.271.937/0001-50"
"776","Padilha-Ortega","alan26@mares.com","63.286.450/0001-02"
"777","Godói Comercial Ltda.","valeria63@neves.br","98.674.547/0001-77"
"778","Reis-Chaves","mario87@darosa.com","92.306.062/0001-44"
"779","Velasques e Aranda e Filhos","violeta.desouza@ferminiano.net","54.837.621/0001-53"
"780","Aragão Comercial Ltda.","pacheco.camila@pedrosa.com.br","68.300.069/0001-74"
"781","Caldeira-Rangel","sergio.cruz@aranda.net","01.313.706/0001-76"
"782","Leon Ltda.","abgail.pereira@galhardo.com","49.551.200/0001-21"
"783","Cervantes-Pedrosa","ndelvalle@serrano.com","69.938.694/0001-09"
"784","Molina e Associados","melissa.galvao@soares.com","67.694.108/0001-00"
"785","Paes S.A.","christopher.salazar@quintana.net.br","70.706.004/0001-75"
"786","Oliveira-Tamoio","carla52@quintana.net.br","29.882.383/0001-50"
"787","Grego Comercial Ltda.","edacruz@galhardo.com.br","18.852.773/0001-61"
"788","Paz Comercial Ltda.","idavila@mascarenhas.com","10.448.898/0001-19"
"789","Meireles S.A.","helena.leon@serrano.com.br","46.052.226/0001-37"
"790","de Oliveira-Domingues","mendes.mia@cervantes.br","11.980.284/0001-46"
"791","Tamoio e Perez e Associados","ugil@serra.com","87.269.914/0001-30"
"792","Brito e de Oliveira","rmarques@zaragoca.com","87.961.753/0001-41"
"793","Matias Comercial Ltda.","maximo.bittencourt@flores.com","39.051.927/0001-96"
"794","Cordeiro e Aragão S.A.","zcordeiro@marinho.org","26.978.993/0001-64"
"795","Urias Comercial Ltda.","cruz.giovane@serrano.com.br","59.971.554/0001-89"
"796","Fontes e Gonçalves e Filhos","zaragoca.paula@batista.net.br","49.429.949/0001-09"
"797","Feliciano e Galvão e Filhos","xvale@mendonca.br","02.453.829/0001-75"
"798","Assunção e Sanches S.A.","leon.valeria@romero.com","09.274.525/0001-90"
"799","Montenegro e Corona","ortiz.lucas@deaguiar.net","91.021.974/0001-07"
"800","Salas e Rico","ngarcia@valentin.net.br","70.684.177/0001-30"
"801","Faria Comercial Ltda.","udasneves@queiros.net.br","56.085.941/0001-20"
"802","Campos e Galindo e Associados","zamana.martinho@campos.org","68.534.121/0001-57"
"803","Pontes e das Dores","rebeca.beltrao@serna.org","78.033.077/0001-55"
"804","Uchoa S.A.","fabiana93@maia.com.br","12.058.068/0001-00"
"805","Tamoio e Maia e Associados","bittencourt.daniela@oliveira.com","31.433.448/0001-22"
"806","Serna-Jimenes","jzaragoca@meireles.br","09.097.560/0001-80"
"807","Corona Comercial Ltda.","anderson.fernandes@mascarenhas.com","54.947.630/0001-05"
"808","Godói-Bonilha","antonio89@romero.com.br","36.555.840/0001-68"
"809","Ramos e Esteves","ramos.noel@perez.br","11.599.282/0001-01"
"810","Ferminiano-Sepúlveda","godoi.tessalia@beltrao.com.br","96.209.112/0001-26"
"811","Flores-Vasques","dias.constancia@burgos.com","98.401.785/0001-09"
"812","Dominato-Marés","mendes.michele@quintana.com","86.084.461/0001-05"
"813","Esteves e Solano e Associados","mendes.rafaela@barros.net.br","89.992.899/0001-80"
"814","Dominato e Gusmão e Associados","kbeltrao@vega.com.br","01.550.103/0001-98"
"815","Ortiz e Valdez Ltda.","laura79@vieira.br","67.023.275/0001-11"
"816","Estrada Comercial Ltda.","xroque@quintana.net","80.845.538/0001-36"
"817","Padrão e Queirós","flores.samanta@correia.net","56.291.245/0001-70"
"818","Padilha S.A.","olivia.paes@guerra.com.br","18.800.423/0001-51"
"819","Ortiz e Neves","regina.vega@garcia.net","03.129.939/0001-49"
"820","Vieira Comercial Ltda.","david.cruz@pereira.net.br","99.478.394/0001-55"
"821","Quintana Comercial Ltda.","rafael.saraiva@santiago.com.br","29.080.141/0001-43"
"822","Vieira-Beltrão","marinho.sabrina@serra.com","11.764.177/0001-80"
"823","Rezende e Vasques e Filhos","mel.velasques@dias.net","55.949.399/0001-43"
"824","Barros e Romero","guerra.agostinho@carmona.com.br","82.192.939/0001-60"
"825","Flores e Zambrano e Filhos","vitoria75@paz.com.br","16.760.979/0001-36"
"826","Padrão e Ortiz e Filhos","natal.camacho@valentin.com.br","69.353.742/0001-05"
"827","Fonseca Comercial Ltda.","kevin.deaguiar@dasilva.org","40.640.063/0001-27"
"828","Queirós e Godói e Associados","fescobar@dominato.net.br","94.784.534/0001-08"
"829","Oliveira e Camacho S.A.","sbenites@lozano.com.br","94.038.281/0001-15"
"830","Assunção Ltda.","yromero@teles.com","91.435.476/0001-00"
"831","Garcia e Rezende e Filhos","nicole27@delgado.com.br","59.252.880/0001-36"
"832","Lozano Comercial Ltda.","valeria10@martines.com","74.805.683/0001-90"
"833","Zambrano e Gonçalves S.A.","leonardo77@tamoio.com.br","77.820.664/0001-21"
"834","Velasques e Associados","joaquin.pedrosa@solano.net.br","23.254.735/0001-47"
"835","Brito S.A.","anderson.estrada@feliciano.net.br","00.392.193/0001-73"
"836","Medina e Grego S.A.","mario72@pontes.net.br","22.989.318/0001-80"
"837","Soto e Filhos","ricardo32@rico.net.br","87.794.388/0001-28"
"838","Maia Comercial Ltda.","gustavo.dacruz@uchoa.com.br","10.495.481/0001-07"
"839","Feliciano e Filhos","vitoria05@ferreira.net","27.972.807/0001-42"
"840","Sepúlveda-Dias","luna74@velasques.net.br","26.525.230/0001-68"
"841","Quintana Comercial Ltda.","regina08@quintana.com","97.935.386/0001-65"
"842","Gonçalves-Mascarenhas","verdugo.fernando@oliveira.com","49.106.039/0001-87"
"843","Burgos Ltda.","gil.alma@feliciano.net","13.032.408/0001-97"
"844","Gonçalves-Rodrigues","sramires@sepulveda.net.br","09.485.672/0001-09"
"845","Fonseca e Gusmão S.A.","nicole17@rodrigues.net.br","68.178.562/0001-63"
"846","Escobar e Paes Ltda.","santana.matias@cervantes.br","23.663.316/0001-69"
"847","Rodrigues Comercial Ltda.","wcortes@paz.com","08.188.024/0001-28"
"848","Bittencourt e Filhos","galhardo.christian@ferminiano.net","15.535.906/0001-88"
"849","da Silva-Casanova","mares.carla@martines.com.br","06.353.226/0001-52"
"850","Lira Comercial Ltda.","cverdugo@salgado.com.br","43.350.111/0001-30"
"851","Domingues-Vega","troque@branco.org","69.611.703/0001-52"
"852","Santana e Meireles","gbeltrao@marinho.br","55.812.889/0001-01"
"853","Valentin e Fonseca e Filhos","luis58@perez.net.br","29.803.879/0001-91"
"854","Vila e Mendes","manuela22@dias.org","85.223.490/0001-48"
"855","Ramos Comercial Ltda.","fferreira@rico.net.br","46.344.731/0001-55"
"856","Balestero-Molina","ivana99@santiago.com","04.121.561/0001-08"
"857","Zambrano e Uchoa Ltda.","franco28@duarte.br","99.932.961/0001-00"
"858","Salazar e Serna e Filhos","christian.abreu@mendes.org","57.618.959/0001-02"
"859","Faro e Vieira","mabreu@prado.com.br","84.508.503/0001-62"
"860","Estrada-Carmona","ovalencia@dasilva.com","47.080.407/0001-30"
"861","Marés Comercial Ltda.","escobar.daniela@ferreira.net.br","60.302.501/0001-54"
"862","de Oliveira e Faro","vsales@faria.com.br","65.475.803/0001-48"
"863","Barreto-Medina","rdeoliveira@ferraz.net.br","22.020.534/0001-12"
"864","Ferreira Comercial Ltda.","camila97@dias.com.br","02.524.659/0001-72"
"865","Marin e Leal","etamoio@serrano.net.br","69.481.927/0001-97"
"866","Jimenes Comercial Ltda.","alutero@marques.com","09.980.995/0001-79"
"867","Teles e Gil","zambrano.cristovao@cruz.com.br","25.974.007/0001-35"
"868","Zamana e Fidalgo Ltda.","dasdores.jacomo@faria.com","97.099.624/0001-40"
"869","Casanova e Duarte e Filhos","ferreira.carolina@rios.net","65.902.417/0001-95"
"870","Colaço Comercial Ltda.","fernandes.camilo@valdez.br","76.536.084/0001-44"
"871","Flores e Bezerra","mcorona@matos.com.br","88.079.747/0001-28"
"872","Franco e Delatorre Ltda.","silvana.brito@aguiar.com.br","22.009.195/0001-73"
"873","Perez e Rocha","natal.furtado@reis.com","16.359.196/0001-45"
"874","Martines e Rivera","paz.luciana@abreu.org","88.744.153/0001-94"
"875","Uchoa e Fontes Ltda.","vicente65@rangel.com.br","34.710.109/0001-34"
"876","Paz e Associados","elias.dias@aragao.com.br","45.878.271/0001-82"
"877","Medina e Gomes e Filhos","christian.brito@tamoio.br","80.645.030/0001-94"
"878","Rivera-Lozano","faro.mia@valencia.com","71.608.007/0001-39"
"879","Guerra e Reis Ltda.","adomingues@neves.net","92.838.452/0001-65"
"880","Padilha Comercial Ltda.","renata.medina@serrano.com.br","45.162.025/0001-20"
"881","Serrano Comercial Ltda.","gil.fatima@abreu.com.br","76.060.935/0001-25"
"882","Oliveira e Fontes","ubranco@pacheco.br","36.214.550/0001-50"
"883","Aguiar e Burgos Ltda.","verdugo.hugo@leon.com","31.755.806/0001-13"
"884","Rosa Comercial Ltda.","wdasilva@leal.net.br","91.003.939/0001-65"
"885","da Silva e Ortiz e Associados","lutero.demian@pontes.net.br","94.261.758/0001-27"
"886","Queirós-Furtado","eduardo.dasilva@vale.com.br","04.319.015/0001-78"
"887","Pedrosa-Ferraz","miranda.dominato@avila.com","79.221.647/0001-01"
"888","Franco Comercial Ltda.","alovato@correia.com","60.405.902/0001-30"
"889","Valdez-Furtado","queiros.rafael@vega.com","95.626.860/0001-41"
"890","Lovato e Dominato","santiago27@queiros.com","10.670.657/0001-10"
"891","Sandoval e Dominato Ltda.","mariana43@queiros.net","51.752.200/0001-31"
"892","Fernandes e Filhos","edarosa@fontes.com","65.083.274/0001-37"
"893","Torres e Lozano S.A.","giovane.sanches@rodrigues.net.br","79.130.201/0001-63"
"894","Assunção Comercial Ltda.","jorge59@matos.net","35.255.983/0001-91"
"895","Lovato e Salas S.A.","sales.daniel@gomes.org","82.013.542/0001-63"
"896","Carrara e Associados","cescobar@beltrao.br","70.441.918/0001-51"
"897","Feliciano e Oliveira Ltda.","pena.noel@vasques.net","91.254.203/0001-60"
"898","Corona e Salazar e Filhos","alma38@fernandes.org","25.651.194/0001-16"
"899","Marques e de Souza S.A.","pbatista@teles.net","34.541.013/0001-90"
"900","Dominato e Pedrosa S.A.","joaquin.pedrosa@escobar.br","68.274.162/0001-51"
"901","Faro e de Oliveira","cruz.michele@dominato.net","25.615.192/0001-71"
"902","Mendonça e da Rosa e Associados","paulo44@teles.com","37.420.037/0001-89"
"903","Camacho e Camacho e Associados","ivan.queiros@vieira.com.br","77.944.154/0001-66"
"904","Marin S.A.","luis.darosa@delvalle.net.br","16.914.067/0001-71"
"905","Vega Ltda.","rsanches@dias.com.br","19.946.717/0001-59"
"906","Maia Comercial Ltda.","camilo52@pena.org","19.521.790/0001-89"
"907","Teles e Medina","omedina@roque.com","40.966.522/0001-67"
"908","Molina Comercial Ltda.","padrao.pamela@roque.net.br","21.836.313/0001-54"
"909","Gomes-Zamana","andres.pena@meireles.com.br","41.281.619/0001-07"
"910","Bonilha e Prado","valentina66@vasques.net.br","43.493.828/0001-31"
"911","Valência-Padilha","gpena@oliveira.net.br","86.933.365/0001-94"
"912","Fontes Comercial Ltda.","matias03@mendes.com","73.250.180/0001-33"
"913","Gomes-Oliveira","agustina.ramires@velasques.br","39.283.889/0001-05"
"914","Romero e Filhos","wgalindo@soto.com","99.568.538/0001-64"
"915","Esteves e Lozano e Associados","casanova.salome@carmona.net","87.500.532/0001-76"
"916","Pena Ltda.","mpereira@ferreira.br","30.429.457/0001-87"
"917","Grego e Perez","vvila@rosa.com.br","70.994.437/0001-73"
"918","Carmona Comercial Ltda.","santiago46@branco.com","18.504.769/0001-02"
"919","Feliciano-Sepúlveda","samuel24@vieira.com","66.836.275/0001-78"
"920","Rangel e Marin","joao87@godoi.br","22.450.751/0001-42"
"921","Aranda e Sepúlveda","matias.domingues@deaguiar.net.br","48.473.006/0001-02"
"922","Lovato e Flores","grego.rafael@avila.com.br","83.406.539/0001-72"
"923","Camacho e Associados","gabriela.burgos@dominato.com","51.101.993/0001-29"
"924","Bezerra-Galhardo","auchoa@desouza.com.br","12.172.043/0001-33"
"925","Aragão e Delatorre","averdara@cortes.br","01.909.164/0001-07"
"926","Estrada e Filhos","estrada.salome@garcia.com","72.006.649/0001-20"
"927","Pena e Associados","isabella.paes@delvalle.net.br","35.562.970/0001-65"
"928","Serrano e Galvão","natal.rocha@aragao.org","65.479.219/0001-60"
"929","Saraiva e Bittencourt S.A.","carolina60@delvalle.com","32.675.758/0001-16"
"930","Rodrigues Comercial Ltda.","rafael50@espinoza.com","96.924.087/0001-62"
"931","Lira e Esteves","abril16@queiros.net","45.894.068/0001-08"
"932","Camacho Comercial Ltda.","malena79@godoi.com","90.302.823/0001-64"
"933","Furtado Comercial Ltda.","qmedina@sepulveda.org","36.875.361/0001-29"
"934","Salazar Comercial Ltda.","ian.valentin@esteves.com.br","12.731.019/0001-97"
"935","Fonseca e Galindo S.A.","fernandes.luciano@valdez.org","60.937.401/0001-02"
"936","Ferreira e Filhos","rzaragoca@delvalle.com","45.952.982/0001-50"
"937","de Souza e Roque e Associados","paulina.garcia@flores.org","27.647.363/0001-70"
"938","Carrara e Vega","david.carmona@lovato.net.br","73.753.330/0001-21"
"939","Ávila Comercial Ltda.","mendonca.giovane@rezende.org","82.789.548/0001-27"
"940","Pacheco-Grego","qsandoval@deoliveira.net.br","42.309.458/0001-77"
"941","Vale e Franco","alma30@corona.net","07.643.421/0001-80"
"942","Vieira Comercial Ltda.","ogusmao@padilha.br","96.137.559/0001-37"
"943","Abreu e Toledo","josefina34@zaragoca.com","77.244.516/0001-06"
"944","Branco Comercial Ltda.","alexa.leal@fernandes.com","09.950.347/0001-70"
"945","Lira-Rodrigues","camacho.joao@vasques.com","89.811.843/0001-81"
"946","Padilha-Matias","hugo.matias@ortiz.com.br","95.056.827/0001-23"
"947","Quintana-Godói","rico.bruno@barros.com","78.778.391/0001-67"
"948","Zambrano e Correia","vsalazar@correia.com.br","09.580.946/0001-49"
"949","Estrada e Beltrão","henrique.goncalves@salas.com.br","37.228.562/0001-05"
"950","Franco e Bonilha","gian.aragao@lozano.org","27.714.624/0001-27"
"951","Camacho e Filhos","luis.sales@lutero.com","53.140.897/0001-15"
"952","Zambrano e Dominato","wmaldonado@corona.com","48.920.083/0001-63"
"953","Mendonça e Fidalgo","malena13@faria.com.br","24.192.239/0001-79"
"954","Matos S.A.","bianca.ramires@ortiz.com","26.521.158/0001-09"
"955","Santana-Zambrano","scorona@zambrano.org","57.739.092/0001-43"
"956","Balestero Comercial Ltda.","jzamana@gusmao.com.br","51.094.270/0001-40"
"957","Guerra e Prado e Filhos","alessandra.delgado@aranda.net.br","80.438.330/0001-00"
"958","da Rosa e Valdez","inacio68@pereira.com.br","56.997.132/0001-94"
"959","Faro Ltda.","sergio.dasneves@perez.br","04.867.512/0001-00"
"960","Solano e Associados","gusmao.ariadna@lutero.com.br","76.528.938/0001-40"
"961","Rodrigues e Filhos","ferraz.hugo@grego.br","12.945.836/0001-48"
"962","Campos e Filhos","lsolano@delgado.com.br","38.259.801/0001-49"
"963","Serra-Queirós","ketlin73@sepulveda.net","01.293.405/0001-28"
"964","Santiago-Assunção","aleal@vasques.com","66.129.104/0001-09"
"965","das Neves Ltda.","rafaela27@cruz.org","94.006.374/0001-68"
"966","Benites e Balestero","carrara.isadora@cervantes.net.br","27.526.752/0001-47"
"967","Duarte-Pereira","gdomingues@darosa.com","32.523.071/0001-65"
"968","Marinho-Aragão","luna85@rocha.net","19.227.002/0001-46"
"969","Duarte e Associados","bbarreto@branco.org","16.015.543/0001-12"
"970","Rico Comercial Ltda.","bbarros@assuncao.com","33.260.899/0001-30"
"971","Espinoza e de Aguiar Ltda.","hfaro@perez.net","24.245.016/0001-22"
"972","Ortega S.A.","nadia60@vasques.com.br","76.046.026/0001-32"
"973","Martines e Bittencourt","martinho.reis@deaguiar.com.br","91.029.677/0001-08"
"974","Esteves e Mendonça e Associados","serrano.santiago@desouza.com.br","91.328.320/0001-20"
"975","Marinho e Vieira","pamela37@burgos.com","63.145.179/0001-95"
"976","Furtado e Pereira","marinho.maite@campos.com.br","72.928.938/0001-87"
"977","Espinoza S.A.","burgos.valeria@rivera.br","61.861.902/0001-07"
"978","Lovato e Associados","madeira.sabrina@balestero.com.br","15.309.954/0001-58"
"979","Verdugo e Zamana e Filhos","fabio50@sepulveda.com.br","50.513.387/0001-58"
"980","Neves Comercial Ltda.","henrique11@jimenes.com","92.327.260/0001-94"
"981","Bittencourt Comercial Ltda.","antonieta.dasdores@bezerra.com.br","67.284.788/0001-86"
"982","Matos e Filhos","hzamana@rezende.com.br","60.379.362/0001-67"
"983","Branco-Mendonça","eduardo.vega@valencia.net","64.993.132/0001-44"
"984","Sepúlveda e Delatorre","antonieta.desouza@pedrosa.net.br","03.060.113/0001-70"
"985","Barros e Uchoa S.A.","nicole.matos@roque.com.br","32.826.654/0001-65"
"986","Teles S.A.","inacio.barreto@sepulveda.com.br","35.097.445/0001-16"
"987","Saraiva e das Dores","tomas.aranda@franco.com.br","70.622.995/0001-08"
"988","de Aguiar Comercial Ltda.","dacruz.gustavo@mascarenhas.com.br","30.574.555/0001-08"
"989","Mendonça e Fontes","drosa@guerra.br","08.655.974/0001-15"
"990","Roque e Burgos","sanches.benjamin@godoi.com.br","87.466.730/0001-60"
"991","Serrano Comercial Ltda.","queiros.ian@cortes.com","18.536.020/0001-47"
"992","Martines Comercial Ltda.","hugo30@lozano.com.br","41.546.576/0001-36"
"993","Ramos-Gonçalves","maldonado.jeronimo@azevedo.br","03.278.126/0001-10"
"994","Lozano S.A.","valencia.noel@uchoa.br","63.458.128/0001-13"
"995","Santana e Cordeiro","deoliveira.miguel@lira.org","16.764.577/0001-00"
"996","Verdugo e Quintana","corona.giovana@rocha.com","55.348.159/0001-93"
"997","Aragão Comercial Ltda.","ramos.maximo@ramos.org","87.786.506/0001-56"
"998","Matias Comercial Ltda.","goncalves.christian@roque.com","21.404.673/0001-87"
"999","Soto e Quintana S.A.","valentin.matias@furtado.com","62.747.886/0001-99"
"1000","Aguiar e Cruz","marinho.catarina@soares.br","73.366.313/0001-31"