id,fake-company-name,company-email,national-regon,local-regon
"1","Kowalski sp. j.","borowski.kornel@michalak.info","394085755","29330918056665"
"2","Błaszczyk","bak.natan@majewska.pl","514146421","67953858781871"
"3","Wojciechowska sp. j.","xzalewska@kowalczyk.pl","918546040","51310472297320"
"4","Mazur-Błaszczyk","justyna89@zajac.pl","474686852","21903695977785"
"5","Jasiński","lstepien@sawicka.pl","650682884","35887850956208"
"6","Urbański sp. j.","szymczak.tymoteusz@grabowska.pl","651255227","67885030243032"
"7","Sadowska sp. p.","liliana93@grabowski.com","572029963","47352017344111"
"8","Brzeziński","adamski.tymon@wisniewska.pl","579736439","99595597812191"
"9","Stowarzyszenie Głowacki","jjakubowski@andrzejewski.pl","293290137","09453188562027"
"10","Szulc P.P.O.F","nikola.czerwinski@adamska.pl","436862356","39806246140219"
"11","Szymańska sp. k.","emichalska@kubiak.pl","230810896","03581417857192"
"12","Wasilewski sp. z o.o.","malwina.borkowski@bak.info","336896507","41158090133152"
"13","Wieczorek-Zieliński","magdalena.krupa@brzezinska.com.pl","776822014","89063053614758"
"14","Kamińska sp. z o.o.","fkrawczyk@krajewska.pl","013665206","83849284079454"
"15","Krawczyk","nowakowska.karolina@kwiatkowski.info","652504490","51585592975351"
"16","Grupa Lis","szewczyk.urszula@adamski.info","077144319","31900149050703"
"17","Mazur","natalia.baran@wisniewski.pl","892856960","87433402360382"
"18","Andrzejewska sp. p.","xkalinowski@szewczyk.info","319626089","35603346932468"
"19","Szulc sp. z o.o.","osawicka@borkowski.pl","856899874","83720535263270"
"20","Kołodziej sp. z o.o.","tpawlak@mazurek.com.pl","659211459","43690142949800"
"21","Chmielewski s. c.","agata96@walczak.pl","358367654","55973920604699"
"22","Wróbel s. c.","blaszczyk.zuzanna@gajewski.pl","351296626","19654594820733"
"23","Michalski","klaskowska@laskowski.info","398951362","81350014799107"
"24","Spółdzielnia Jakubowska","konstanty.wojciechowski@wozniak.net","293808893","69357340874987"
"25","Grupa Laskowska","justyna39@sobczak.com","832263149","99982555766880"
"26","Kaźmierczak S.K.A","andrzej91@cieslak.pl","611618069","87480184925496"
"27","Brzeziński","magdalena.baranowski@kubiak.com","292493424","37727786776169"
"28","Adamska sp. z o.o.","kowalczyk.bruno@zielinski.pl","396490632","81039966075909"
"29","Laskowski sp. p.","daria62@pawlowski.info","535446954","31538383343331"
"30","Szymczak S.K.A","tstepien@krupa.pl","531146630","51715476343370"
"31","Szewczyk i syn","klara.kaczmarek@wasilewska.pl","790049589","49119509086504"
"32","Olszewska S.K.A","eliza54@kaczmarek.pl","837573593","29095924969883"
"33","Stowarzyszenie Adamczyk","znowicka@konieczny.com","298811718","35954697900710"
"34","Szewczyk","ysikorski@wieczorek.pl","632934220","03841976178704"
"35","Wróblewski P.P.O.F","agnieszka22@wlodarczyk.info","957574409","09162219189749"
"36","Fundacja Kozłowska","artur.witkowska@jasinski.pl","217433828","09504379799805"
"37","Krajewski P.P.O.F","krzysztof.borowski@cieslak.com","611965470","33319270591524"
"38","Marciniak","artur.kalinowska@przybylski.pl","354012776","57815277116109"
"39","Malinowska-Krajewska","clis@kowalczyk.net","433354702","91488907885245"
"40","Makowski S.K.A","dudek.angelika@baranowska.com","554574380","21200078680886"
"41","Krajewski sp. z o.o.","blazej41@brzezinski.info","275815170","69857375551420"
"42","Marciniak","hcieslak@sikora.pl","032432855","19946645114208"
"43","Kalinowska","majewski.aleksander@blaszczyk.pl","375067835","81307805693930"
"44","Cieślak sp. j.","nkucharski@krajewski.pl","791330259","49382237860492"
"45","Szewczyk","matylda.chmielewski@bak.com.pl","250563531","77948425684173"
"46","Krajewski sp. p.","olgierd20@kucharski.pl","030882873","29961668613710"
"47","Stowarzyszenie Czarnecka","julita.szulc@jakubowski.com.pl","416301283","61839356737565"
"48","Ostrowski sp. k.","olszewski.inga@przybylska.pl","212586480","01458866694835"
"49","Makowska","jakub53@dabrowska.com","138394124","91605003289884"
"50","Spółdzielnia Wasilewska","baranowski.anna@czarnecka.info","294666857","93050561666334"
"51","Kowalczyk-Czerwińska","zofia81@kolodziej.org","119406419","89945712830963"
"52","Urbańska","eduda@szczepanski.pl","111569487","31000997508721"
"53","Olszewski S.K.A","cdudek@brzezinska.org","955361313","57137408946580"
"54","Malinowski sp. k.","bak.olga@szulc.info","376486215","05173506454166"
"55","Walczak","michal.kalinowski@adamska.info","518566150","69301526938407"
"56","Michalak-Wróblewska","sziolkowska@adamczyk.pl","532291468","93275583704658"
"57","Urbańska","malgorzata.kowalska@nowicki.pl","457568956","01985541666620"
"58","Spółdzielnia Sikorski","kpawlak@adamska.info","091998217","11022664434155"
"59","Czerwińska sp. j.","lukasz.kolodziej@kwiatkowska.pl","199523114","01590970197765"
"60","Marciniak sp. k.","wbaran@makowska.com","913682091","95463700367304"
"61","Wysocka","pkrupa@malinowski.net","497675320","67739425623405"
"62","Kamińska S.A.","daria.pietrzak@kwiatkowski.pl","873284470","87663908602114"
"63","Sokołowska sp. j.","katarzyna.jaworska@makowski.pl","651363514","03028450519697"
"64","Czarnecka sp. k.","ignacy71@walczak.com.pl","652657235","75311759089922"
"65","Konieczny","wysocka.joanna@urbanski.pl","773632626","85837276391940"
"66","Krupa i syn","kozlowska.adrianna@borkowska.info","812947320","57159660210462"
"67","Witkowska S.K.A","twrobel@bak.com.pl","854804326","41904620777418"
"68","Baranowska-Dudek","ymalinowski@kubiak.pl","375309244","61388975078077"
"69","Majewski","zalewski.wiktor@wojciechowski.info","078339114","49897311327731"
"70","Szczepański","wojciechowska.sara@bak.pl","893714446","17157090573115"
"71","Kalinowski sp. p.","tomaszewski.agata@andrzejewska.info","831890849","07301967554205"
"72","Michalska s. c.","ostrowski.pawel@wisniewski.com.pl","874254821","47086227558803"
"73","Jankowska","wieczorek.dorota@glowacki.pl","373104354","21849882420640"
"74","Stowarzyszenie Wróbel","rafal38@kozlowski.pl","813598287","79952707932780"
"75","Nowakowski","chmielewska.adrianna@andrzejewski.org","293266044","13420782379992"
"76","Fundacja Wojciechowska","kaja32@duda.info","831115435","63300520870703"
"77","Sokołowski-Kucharska","marcin.andrzejewski@kwiatkowski.pl","718465660","35443102029430"
"78","Stowarzyszenie Sawicki","witold.mazurek@marciniak.org","037086062","13159279576920"
"79","Fundacja Jabłońska","ewa.sobczak@sawicki.org","018176802","09776054014347"
"80","Wysocki sp. z o.o.","zkaminska@sikorska.net","853415261","83942341052143"
"81","Maciejewska S.K.A","ewelina86@krupa.pl","294366240","11606614755631"
"82","Duda sp. k.","usobczak@jaworska.com","034645420","09442865030760"
"83","Czarnecki S.K.A","nadia.lis@witkowska.com.pl","517757208","49389894422697"
"84","Czerwiński","nowak.kazimierz@olszewski.pl","776413586","49593765488777"
"85","Jasińska","piotr.ostrowski@lewandowski.com.pl","697119988","61295960210154"
"86","Michalski-Kowalska","dominika.gajewska@mazurek.com.pl","314633423","51419546083106"
"87","Mróz","rkwiatkowski@dudek.com.pl","355871381","21932871625192"
"88","Jaworska","maks77@gajewska.pl","375708903","83109146294680"
"89","Wróbel","szulc.kornel@majewski.pl","850501095","85746875193908"
"90","Sikora","oliwia.pietrzak@blaszczyk.org","451728123","35260008409679"
"91","Nowakowska sp. j.","michal74@jasinski.com","851535328","69642496282559"
"92","Pawłowska s. c.","njablonski@wojciechowski.org","772416369","85402662763756"
"93","Brzezińska sp. p.","amelia60@walczak.pl","330747396","33068732362223"
"94","Dudek s. c.","eliza.dabrowski@brzezinska.pl","990810956","23216105443773"
"95","Mróz-Nowakowski","mazurek.nataniel@kucharska.pl","953988960","59526199869067"
"96","Wójcik","cborowski@jasinski.pl","192428170","15944432866477"
"97","Wójcik sp. z o.o.","przemyslaw28@wojcik.pl","716854860","13027331024892"
"98","Wróbel","maurycy68@nowakowska.pl","274291261","39696502920380"
"99","Grupa Wojciechowski","zielinski.marika@wilk.pl","353474463","29466068816861"
"100","Michalska-Sokołowski","mazur.kornel@stepien.org","796640540","13596871950189"
"101","Stowarzyszenie Kaźmierczak","nlewandowski@michalska.net","552635320","17023343666795"
"102","Spółdzielnia Jakubowska","dwilk@kazmierczak.pl","711722177","17451304911140"
"103","Majewski sp. j.","szymczak.julianna@gajewska.pl","918605669","35275477565600"
"104","Grupa Marciniak","michalina.borowska@dabrowska.com.pl","131876630","05165116617680"
"105","Walczak S.A.","marek13@rutkowska.pl","738121360","73362910147947"
"106","Szewczyk","bczerwinski@sikorski.pl","833659300","07199688904066"
"107","Lewandowski S.K.A","maciejewski.magdalena@sokolowski.com","992568672","81624991440190"
"108","Wróblewska","wojcik.liwia@kucharska.net","457841004","25798989441530"
"109","Szewczyk","dszymczak@wilk.com.pl","978974220","53848846233873"
"110","Fundacja Zakrzewska","konstanty84@wisniewska.info","772178183","05942310525097"
"111","Wysocki","ida.nowakowska@zielinski.pl","651616056","75238660372264"
"112","Błaszczyk sp. p.","jagoda.gajewska@kaminski.net","532522413","63582792038951"
"113","Stowarzyszenie Stępień","uszewczyk@krupa.pl","892145437","31256801257192"
"114","Czarnecka","baranowska.karolina@borkowski.com.pl","471850127","01707429343910"
"115","Szczepańska sp. p.","jjasinski@marciniak.pl","572188265","41067966145979"
"116","Szymańska sp. p.","ecieslak@wlodarczyk.info","190470497","75828854039392"
"117","Kaźmierczak-Wróbel","maciejewska.norbert@bak.pl","894795843","69564479189546"
"118","Sikora sp. k.","artur.jablonski@gorska.pl","337105815","71733524013446"
"119","Cieślak s. c.","zakrzewski.kalina@malinowski.pl","639354690","69174695174485"
"120","Wilk sp. z o.o.","blaszczyk.patryk@kubiak.pl","892508756","87515559343795"
"121","Lewandowska P.P.O.F","karol28@urbanska.pl","510335651","63676063201243"
"122","Woźniak S.K.A","hbak@konieczny.info","150045710","03509300033935"
"123","Błaszczyk-Wieczorek","gabriel.zielinska@rutkowska.com.pl","536670547","73389491020211"
"124","Jaworska sp. k.","skowalczyk@gorska.pl","819093157","25891724725413"
"125","Pawlak sp. z o.o.","kalina.kwiatkowska@mazur.com","232009292","81271284141004"
"126","Makowska-Duda","pola.chmielewska@nowicka.pl","058878068","77269783670496"
"127","Majewska","adrian90@kowalska.pl","992106256","23021285343301"
"128","Jasińska-Wiśniewski","jkolodziej@wojciechowska.com.pl","878392098","37944850591063"
"129","Zielińska-Nowak","czerwinska.juliusz@adamczyk.net","212408688","03564544582136"
"130","Lis S.A.","aurelia83@borkowski.com.pl","356650914","25220474754828"
"131","Piotrowska sp. z o.o.","mroz.jacek@wasilewski.pl","256062244","29615142060848"
"132","Przybylska P.P.O.F","nela.mazurek@sikora.com.pl","534508038","79668485538030"
"133","Wieczorek sp. z o.o.","witold.grabowska@makowski.com.pl","915675586","75947716019160"
"134","Zając","dominika60@wieczorek.net","934665883","79099212037247"
"135","Duda sp. z o.o.","ada94@wlodarczyk.pl","310246190","77874002011569"
"136","Baranowski P.P.O.F","jakubowska.karolina@mazur.net","894931967","79239987948868"
"137","Maciejewska","wroblewska.magdalena@michalski.com","714824085","83173343087430"
"138","Lewandowska","szczepanski.antonina@lis.com.pl","137319126","93192653809005"
"139","Woźniak sp. z o.o.","akrupa@nowak.com","150766467","23467369215790"
"140","Kamiński","olga.pietrzak@pawlowski.pl","213557309","81284855243928"
"141","Michalski sp. p.","dcieslak@wojciechowska.info","895248209","51850929290502"
"142","Grupa Wójcik","urszula.sobczak@olszewska.com.pl","131587050","23882154092460"
"143","Jabłoński S.K.A","alex.kowalski@maciejewski.pl","697682465","35846562958114"
"144","Pawłowska","zwieczorek@kwiatkowska.com.pl","771412731","65382977399909"
"145","Czarnecki P.P.O.F","borkowski.borys@witkowski.com.pl","110237257","33647695240913"
"146","Zakrzewski sp. j.","eryk.kowalczyk@krajewska.info","613593072","13862527984051"
"147","Andrzejewski-Czarnecki","slewandowski@kalinowski.pl","216897922","21303245235220"
"148","Woźniak","liliana05@zajac.info","773138694","77451610693288"
"149","Kaczmarek","nataniel27@piotrowska.pl","231163772","53567956915607"
"150","Wójcik s. c.","zajac.ignacy@wilk.pl","994168333","09841299997781"
"151","Witkowski","dudek.maciej@mroz.pl","693419044","27117008312390"
"152","Zając-Kwiatkowski","mateusz18@kowalczyk.pl","910045225","05535821088033"
"153","Górska s. c.","magdalena93@cieslak.pl","676080455","83119744076768"
"154","Sokołowska-Adamska","sokolowski.jakub@szewczyk.org","417326256","39181691653850"
"155","Makowska P.P.O.F","jankowska.cezary@szewczyk.com.pl","298467600","09585970243677"
"156","Wróblewska i syn","aurelia.szymczak@ziolkowska.pl","379432007","51702558649230"
"157","Wasilewski S.A.","nkalinowska@kazmierczak.org","559583595","37115321317350"
"158","Jaworski","pola63@krawczyk.pl","510423421","91285096571720"
"159","Brzezińska sp. p.","szymon03@blaszczyk.pl","976289370","01903138809750"
"160","Kołodziej","patrycja57@jaworski.pl","251812835","01839516041890"
"161","Nowicki","cieslak.maurycy@cieslak.net","436815285","45645758042869"
"162","Urbański i syn","blanka85@zajac.pl","917262569","11764454016026"
"163","Duda S.A.","inga.sawicka@dudek.pl","334465890","75198867168197"
"164","Wasilewski sp. z o.o.","azajac@krajewski.org","258543485","51178171424664"
"165","Grupa Kubiak","franciszek22@malinowski.net","738113448","47873350254152"
"166","Piotrowska s. c.","qgajewski@walczak.com.pl","898685399","35175425362663"
"167","Grupa Kubiak","malwina22@kaczmarczyk.com","394937626","51579538660975"
"168","Wróblewska S.A.","michalak.weronika@gorecka.org","130660810","85375423074510"
"169","Ziółkowska sp. z o.o.","wandrzejewska@krawczyk.info","236020511","39154490374349"
"170","Grupa Olszewska","sandra.wroblewska@wojciechowski.info","396813182","01804374588739"
"171","Spółdzielnia Pawlak","krystian15@michalski.com","793698006","59746982346263"
"172","Fundacja Stępień","maks49@walczak.pl","438124450","01579414909750"
"173","Górska-Jankowski","wszymczak@grabowski.com","559622384","19893415739068"
"174","Jaworska-Zakrzewska","hwysocka@rutkowski.com.pl","630012260","49115903682885"
"175","Michalak i syn","blaszczyk.joanna@marciniak.pl","596909579","19014978909535"
"176","Jabłoński sp. j.","maciej64@gajewska.com.pl","593952563","27260571085758"
"177","Borowska i syn","maurycy.wasilewski@szulc.pl","618698605","65779518932900"
"178","Stowarzyszenie Sadowska","mroz.ksawery@konieczny.pl","679523628","59834270559050"
"179","Michalak s. c.","karol.wilk@cieslak.pl","536529352","81895895106469"
"180","Walczak","dominika.wozniak@lis.com","456090850","45744814623276"
"181","Kaczmarek","aleks.krupa@kalinowski.com.pl","839426637","09038098192637"
"182","Baran sp. z o.o.","robert.kowalczyk@blaszczyk.net","333464180","09055514090897"
"183","Król","yjablonska@urbanski.pl","891952503","61675814850588"
"184","Głowacki-Szymczak","nowicka.iga@dudek.pl","077412518","77560013943535"
"185","Grupa Sokołowski","uwysocka@kucharski.pl","714180452","85978543837541"
"186","Ostrowski sp. p.","adam59@pawlowski.pl","952802768","47672127423370"
"187","Stowarzyszenie Sikora","michalak.alicja@kalinowska.pl","851086356","79888350121916"
"188","Kaczmarek-Adamski","lukasz90@czerwinska.com.pl","531970380","07239816214484"
"189","Błaszczyk s. c.","ostrowski.wojciech@mazurek.com.pl","215014955","77176826728290"
"190","Kaczmarczyk S.K.A","iwo48@kazmierczak.com.pl","250805678","73516687582492"
"191","Kubiak S.A.","kozlowska.ewelina@rutkowska.com","578138239","23712880269554"
"192","Wiśniewska-Kowalczyk","kajetan29@wrobel.pl","892343597","91857040008563"
"193","Krawczyk S.K.A","amelia.nowicka@kaczmarczyk.com.pl","752545639","97853452014327"
"194","Wilk P.P.O.F","amelia62@sadowska.pl","830670560","65047484982485"
"195","Grabowska","bruno40@mazur.com","177230553","19302145293729"
"196","Nowakowska S.K.A","tgajewska@sadowska.net","851523733","41418508026509"
"197","Nowak","stomaszewska@ziolkowska.pl","874368631","63248209979584"
"198","Stowarzyszenie Kucharski","xdudek@adamski.com","032409394","29381665187950"
"199","Kołodziej","malgorzata40@wlodarczyk.org","616885912","67523659931929"
"200","Marciniak","adamczyk.melania@szymanski.com.pl","239270898","75419686445923"
"201","Olszewska-Górska","konieczny.tomasz@kowalski.pl","758259627","87911657893971"
"202","Sobczak","justyna51@szymanski.pl","413116467","07579638366655"
"203","Stępień i syn","natan.przybylska@borowska.pl","151634302","53224974005826"
"204","Borowska-Wysocki","blanka58@dabrowski.pl","215000841","59061764047295"
"205","Ziółkowski sp. z o.o.","opawlowska@szczepanska.com.pl","919185235","97030464873620"
"206","Błaszczyk P.P.O.F","wojcik.andrzej@zielinska.pl","852983537","89778167555282"
"207","Sadowska sp. p.","iwo20@krol.net","779061219","09261145668954"
"208","Urbański-Zając","marta97@wasilewski.com.pl","550812893","15605222082031"
"209","Witkowski sp. p.","mazur.mikolaj@szczepanski.net","131900328","17970037185069"
"210","Adamski","lgrabowski@wieczorek.com.pl","875866615","87651801778907"
"211","Włodarczyk-Przybylski","fkrupa@sadowska.pl","379774096","77838817755035"
"212","Szulc-Zakrzewska","marciniak.kazimierz@wysocki.com.pl","191357716","21429288264782"
"213","Gajewska-Zalewski","anna17@duda.pl","154060706","65245791534236"
"214","Wróbel","rozalia35@czerwinska.com.pl","232004739","33209008408619"
"215","Grupa Błaszczyk","monika03@sokolowska.com.pl","217424769","89536564289826"
"216","Borowski P.P.O.F","cwlodarczyk@rutkowski.com.pl","216345230","85095140929804"
"217","Michalak-Adamczyk","nkrawczyk@nowak.net","594145238","53079645459010"
"218","Grabowska sp. j.","dominik58@andrzejewska.pl","898186377","75174230320186"
"219","Marciniak sp. k.","lkrupa@michalak.info","336285637","87630494859311"
"220","Duda sp. p.","kkowalczyk@jakubowska.info","293239248","49371732217706"
"221","Kaczmarek P.P.O.F","mroz.tomasz@krawczyk.pl","897948922","01980328271305"
"222","Stowarzyszenie Kamińska","mstepien@cieslak.com.pl","774961183","95656148020696"
"223","Szczepański","hlis@wlodarczyk.pl","057483238","73062439144749"
"224","Spółdzielnia Wasilewska","juliusz.michalak@laskowski.pl","171799513","63724083408695"
"225","Spółdzielnia Błaszczyk","tymoteusz58@szymczak.pl","093163072","57058234860390"
"226","Bąk i syn","gorski.maksymilian@szczepanska.pl","511442171","59281340580126"
"227","Grupa Wróbel","emilia.sawicki@adamska.org","559374762","25231454281045"
"228","Zakrzewski-Sobczak","maja84@wysocki.pl","457011975","17505406990000"
"229","Sobczak","konrad50@lis.com.pl","352299897","87851327786559"
"230","Krupa-Szewczyk","adamska.jozef@baran.net","554609077","47718016543663"
"231","Wróblewski i syn","kaja.wroblewska@bak.com.pl","617753414","29776052223796"
"232","Baran","marta.borowski@urbanska.pl","695683957","69265534055610"
"233","Pawlak-Kucharski","ida.nowicki@krol.pl","972470322","97539149794351"
"234","Urbański","michalak.tadeusz@zajac.info","315897609","67742459519737"
"235","Kaczmarczyk sp. k.","szewczyk.eliza@marciniak.com.pl","494523904","17885879164280"
"236","Sokołowska","maciejewska.michal@bak.pl","057685315","29240022762227"
"237","Pietrzak-Wasilewska","kazimierz78@sadowska.pl","376344857","75546554060829"
"238","Kubiak","kucharski.pola@chmielewska.net","318723181","73341089736216"
"239","Sobczak i syn","sikorska.norbert@sikora.pl","111773118","59284124182968"
"240","Stowarzyszenie Ziółkowski","przybylski.kacper@mroz.org","775691254","81023466224614"
"241","Kaczmarek-Krajewska","xmazurek@urbanska.pl","135018685","07645508100654"
"242","Zieliński","wojcik.olaf@cieslak.net","174539965","29606270913891"
"243","Malinowska","kowalska.marcin@nowak.org","494764826","29606981206332"
"244","Maciejewski s. c.","kolodziej.wojciech@szewczyk.pl","370781551","89515197001273"
"245","Lis s. c.","krol.konstanty@kaczmarek.pl","774343806","31180721367333"
"246","Pawlak sp. p.","stefan.szczepanska@lewandowska.pl","410002651","27271262316280"
"247","Jabłoński-Makowska","sszymczak@szczepanski.pl","731037419","85742156091553"
"248","Fundacja Duda","marcel.kowalczyk@czerwinska.pl","874188366","41585297013540"
"249","Laskowski S.K.A","iga75@laskowski.com.pl","113942281","07015458535084"
"250","Krupa sp. p.","maciejewski.klara@jaworski.com","915716990","39875644296881"
"251","Andrzejewski sp. k.","maciejewska.nina@jaworska.pl","192818220","03499761033885"
"252","Jakubowska s. c.","unowicki@jankowski.pl","954871294","67590519013270"
"253","Głowacki","sandra60@michalak.pl","631542675","09364286105469"
"254","Wróbel","blaszczyk.marika@kucharska.com.pl","013867111","53076360944986"
"255","Sikorski i syn","milena53@wojciechowska.org","057115658","41925224389948"
"256","Maciejewski-Walczak","tomasz28@kubiak.net","195507503","89752488914416"
"257","Wójcik","hubert21@dudek.com.pl","216111637","51431346849117"
"258","Stowarzyszenie Borkowski","wiktoria23@zielinski.pl","416665750","73563375685135"
"259","Sikorski sp. z o.o.","agata54@piotrowska.pl","412907451","67038878402362"
"260","Chmielewski s. c.","ostrowski.grzegorz@borowska.com.pl","419786884","77339940828787"
"261","Sikorska S.K.A","kazmierczak.artur@kowalczyk.com.pl","199079352","75608364467252"
"262","Michalak sp. p.","maurycy83@szymczak.org","474609640","97283422147962"
"263","Szewczyk sp. p.","iadamczyk@szymczak.pl","532228837","75169103759792"
"264","Lewandowska sp. p.","wisniewska.wiktor@pawlak.pl","558599565","87424532563779"
"265","Pawłowska sp. p.","kolodziej.ignacy@piotrowski.pl","153522518","85175532015370"
"266","Borkowski","jankowska.maurycy@krol.pl","650039591","09949794032094"
"267","Król-Urbańska","jakub.blaszczyk@kowalczyk.pl","618684916","75361813969936"
"268","Kozłowski-Jakubowska","tcieslak@kowalska.pl","577188985","29682419054826"
"269","Fundacja Zakrzewski","izabela38@kazmierczak.pl","317369926","91361617746759"
"270","Czerwiński","sikorska.olaf@kolodziej.pl","771406021","43616157600395"
"271","Zawadzki S.K.A","alicja.szymanska@sobczak.info","813784446","19609266532651"
"272","Górska sp. z o.o.","akrawczyk@wasilewska.com.pl","857736051","11917281093680"
"273","Wysocki sp. z o.o.","maciejewski.cezary@urbanska.pl","252931163","27970119576301"
"274","Grabowska-Czarnecki","mjablonska@witkowska.pl","112674230","77692644669035"
"275","Krajewski S.K.A","cwisniewska@czarnecka.com","391494559","11158414060398"
"276","Mazur i syn","lukasz16@kozlowski.com","010969466","13739697766197"
"277","Jaworski s. c.","tola97@wozniak.pl","394269225","11529649075228"
"278","Jaworska S.K.A","antoni.lis@olszewska.pl","878510793","23256653278866"
"279","Grupa Stępień","piotr17@szczepanska.info","613033798","83887299082128"
"280","Lis","qkolodziej@piotrowska.com.pl","551628298","39680983243800"
"281","Błaszczyk S.A.","bartek44@krupa.pl","196187153","83615897561870"
"282","Kaczmarek sp. p.","klaudia.kucharska@zielinski.pl","436716324","11949162684507"
"283","Cieślak i syn","franciszek.krol@kaczmarczyk.pl","692269766","55365843580340"
"284","Ostrowska sp. k.","rszewczyk@adamska.com","394895780","45505871958099"
"285","Sikorski s. c.","nwroblewski@witkowski.com.pl","751932742","91096517327349"
"286","Rutkowska-Sikorski","patryk75@borowski.pl","150768650","79267654023551"
"287","Jasińska","elaskowska@mroz.net","538797223","83361197793491"
"288","Jasiński-Kozłowski","marciniak.natalia@jaworska.pl","512213426","53697855835169"
"289","Baran s. c.","adamska.kajetan@adamska.pl","550733580","87872873009155"
"290","Chmielewska","wozniak.sandra@walczak.pl","230463704","97719351962360"
"291","Wiśniewska S.A.","mkolodziej@kalinowska.pl","755784451","01670605899587"
"292","Maciejewski P.P.O.F","kamil78@wojciechowska.pl","990382851","05695984589894"
"293","Czerwiński s. c.","kaczmarek.dominika@laskowski.com.pl","638483094","45832972219095"
"294","Malinowski S.K.A","dominika.kolodziej@kaminska.pl","990915402","59457357215981"
"295","Lis","juliusz47@wieczorek.pl","772373401","73973468489973"
"296","Gajewska S.A.","krawczyk.witold@szymczak.pl","998860379","55398144952604"
"297","Kalinowska sp. k.","hbrzezinska@urbanski.net","099830569","69037670750559"
"298","Borkowska","wasilewska.elzbieta@czerwinska.pl","332567273","59160552122149"
"299","Jaworska","zlaskowska@lewandowski.net","431380486","65186970074646"
"300","Szewczyk sp. k.","xsikora@pawlak.pl","675319730","99533682117337"
"301","Adamczyk P.P.O.F","malinowski.gabriel@wasilewska.pl","031648286","77720868792258"
"302","Sokołowski sp. p.","usadowska@laskowska.com.pl","658023075","13028302302027"
"303","Górska","mroz.karol@szymczak.net","272855794","17272205672537"
"304","Grabowska P.P.O.F","olaf.pawlowska@adamczyk.pl","559189102","53047094226981"
"305","Nowakowska-Walczak","leonard.wozniak@szczepanska.com","674506654","61117866007364"
"306","Kaźmierczak S.A.","gabriela.wlodarczyk@kowalska.pl","577147408","57196051687476"
"307","Pietrzak","sandra89@adamski.com.pl","711673190","47314696422705"
"308","Makowski","rafal25@majewska.com","270859204","15137992744860"
"309","Wróblewska i syn","kamila.sokolowski@walczak.org","530080537","09288981057585"
"310","Grabowski","albert.wisniewska@zakrzewski.pl","913460373","77041711760132"
"311","Olszewski sp. p.","angelika.zielinska@witkowski.com.pl","318753644","17712756571494"
"312","Lewandowski S.A.","dsawicka@kwiatkowski.pl","512151932","47975358292556"
"313","Walczak-Wróblewska","robert19@jablonska.com.pl","377422499","55061308251030"
"314","Marciniak","cwojciechowska@wilk.com","350226990","93018508689785"
"315","Duda s. c.","adrian27@wasilewska.com.pl","996975629","39665766486674"
"316","Olszewska-Baranowska","norbert.zalewska@lewandowski.com.pl","892363520","41282842109863"
"317","Spółdzielnia Stępień","ryszard.kolodziej@jankowski.net","571617422","15656361848652"
"318","Pietrzak","damian95@malinowska.com.pl","579826303","49300400715454"
"319","Wójcik P.P.O.F","aleksander.kaczmarek@kazmierczak.pl","990666063","25489140420044"
"320","Jasiński","magdalena77@wrobel.net","432722240","07356843613410"
"321","Laskowska-Makowska","wmakowski@maciejewska.pl","334153995","37799944880226"
"322","Spółdzielnia Brzeziński","karol81@lis.com.pl","792039394","65619677178472"
"323","Baranowska sp. z o.o.","kaczmarek.nicole@krajewska.org","779546968","45961769947835"
"324","Stowarzyszenie Andrzejewska","iszymczak@pawlak.com.pl","871273195","17632371022421"
"325","Szewczyk sp. k.","norbert62@szewczyk.pl","238115440","23640506201630"
"326","Szulc sp. p.","agnieszka08@cieslak.pl","799488244","53139656746950"
"327","Borowski sp. p.","roza.wieczorek@witkowska.pl","350425866","85156832249960"
"328","Wojciechowska S.A.","ulaskowski@olszewska.pl","437910583","11706555270548"
"329","Sawicka","kalinowski.maria@gajewski.pl","393073448","07968327977454"
"330","Adamczyk-Pietrzak","duda.kazimierz@malinowski.info","871592078","47505476939334"
"331","Fundacja Walczak","qlewandowski@olszewski.pl","259381033","53294061348896"
"332","Krawczyk s. c.","emajewska@kazmierczak.net","938879316","81050819055871"
"333","Włodarczyk","nina.sikora@borkowska.com.pl","835367949","65013686812926"
"334","Piotrowski-Ostrowska","pawlowska.tadeusz@majewski.pl","793446925","99396815561722"
"335","Szczepański","iduda@pietrzak.pl","430276953","31519740995396"
"336","Mróz S.K.A","alicja02@borkowski.org","375011600","01004121529099"
"337","Kalinowski S.A.","lis.dawid@nowak.com.pl","033940080","59444424823931"
"338","Jakubowska-Baranowski","gustaw17@pietrzak.pl","655747890","23506429760130"
"339","Szymczak","gabriel.chmielewski@olszewska.pl","037384500","37204298778397"
"340","Sobczak s. c.","gkrol@wroblewski.net","851967743","43915178509537"
"341","Duda s. c.","blazej48@baranowski.pl","790315447","35332697572152"
"342","Pietrzak-Jaworski","zawadzka.leon@kozlowska.pl","199264718","45202035052549"
"343","Kubiak sp. p.","jkaminska@szymanski.net","275832612","63825765304177"
"344","Stępień-Wieczorek","jeremi67@wojciechowski.org","955709236","97641605882635"
"345","Andrzejewska-Krupa","dsawicki@kaminska.pl","671104004","27586597115320"
"346","Kalinowski","nikola33@kowalska.pl","713210228","29168880663975"
"347","Krawczyk sp. z o.o.","majewska.karina@nowakowska.net","753950543","49012973117752"
"348","Nowicka","hanna05@zielinski.info","658314039","19199028295987"
"349","Kwiatkowski","wojciechowski.sandra@walczak.pl","339350909","53980457043391"
"350","Kwiatkowski s. c.","sobczak.oliwier@wasilewski.com.pl","718231614","03283496715537"
"351","Kwiatkowska","natasza12@wlodarczyk.pl","916662380","55528774723452"
"352","Błaszczyk","krawczyk.sonia@kaczmarek.pl","576805890","73283794908527"
"353","Andrzejewska sp. j.","daniel.kozlowski@chmielewska.info","971835900","79758913633198"
"354","Wróblewski-Tomaszewska","fabian24@wasilewski.pl","832884390","87604316951092"
"355","Spółdzielnia Dudek","nicole52@brzezinski.org","355630743","65028212728484"
"356","Majewska P.P.O.F","qglowacki@zielinski.pl","755052191","25916198155972"
"357","Kalinowski-Zalewski","sonia.dabrowska@cieslak.pl","959885964","97043124631887"
"358","Woźniak sp. k.","maks.piotrowska@szymczak.pl","612816311","43550905015567"
"359","Jabłoński","maciejewski.jeremi@lewandowska.pl","977103321","69055497165124"
"360","Wójcik sp. k.","klewandowski@urbanski.net","393918414","83570074543686"
"361","Baran i syn","zajac.amelia@wojciechowski.pl","852443232","35173410989320"
"362","Fundacja Przybylski","eryk.glowacka@jasinska.com.pl","613459818","07265062163932"
"363","Kowalczyk","julianna40@borkowska.org","919928297","29487215025776"
"364","Mróz sp. k.","wwlodarczyk@ostrowski.pl","154934921","53987257658889"
"365","Nowicki S.A.","wglowacka@duda.org","798579312","51374135789174"
"366","Kalinowski P.P.O.F","blazej45@kucharski.info","115257690","55745198440325"
"367","Kalinowska","dariusz38@wasilewska.com.pl","139361724","29240685624890"
"368","Czerwiński sp. j.","hanna.mazurek@kaminski.com","459835812","15320672889079"
"369","Jabłońska","malinowska.ewa@ziolkowska.info","637880752","71004381851306"
"370","Nowakowska i syn","bartek94@zakrzewska.com","890421933","39628851168956"
"371","Kaczmarczyk","mkozlowski@kaczmarczyk.com.pl","372659720","63418620627306"
"372","Górski S.A.","michalak.jacek@sikorska.pl","413728911","97388442273949"
"373","Jabłoński-Andrzejewski","wysocki.grzegorz@ziolkowski.org","174635901","15751831871827"
"374","Borkowski S.K.A","laura36@marciniak.com.pl","512754317","75424351758471"
"375","Borowski sp. p.","alan.kowalski@cieslak.pl","651430541","39508178806130"
"376","Krawczyk sp. k.","mateusz50@sobczak.com.pl","635253844","31565300868635"
"377","Spółdzielnia Zawadzka","jankowski.martyna@gajewska.com.pl","151892470","33637695031450"
"378","Lis-Kubiak","ignacy41@wlodarczyk.com.pl","019481298","47741962060210"
"379","Stowarzyszenie Wieczorek","filip.witkowska@szczepanska.info","133643284","87938243003986"
"380","Nowak S.K.A","kamila31@nowicki.pl","599884555","03783053758392"
"381","Maciejewska sp. p.","rwlodarczyk@brzezinski.pl","573671503","95544744009292"
"382","Kowalski","nela.andrzejewska@konieczny.pl","293316204","35367476567034"
"383","Laskowska","jan46@krajewska.pl","058606648","97040885607346"
"384","Maciejewska P.P.O.F","sokolowski.rafal@kazmierczak.pl","498806941","27475843449026"
"385","Wilk sp. p.","borowska.helena@zakrzewski.org","396064013","67448678593910"
"386","Krupa","adrianna61@krol.pl","998195893","53839457782503"
"387","Sawicka","kaczmarczyk.robert@kaczmarek.pl","817803643","19528546835206"
"388","Majewski sp. k.","tkrajewski@sikora.com","599125157","97577184024364"
"389","Grupa Nowicka","mikolaj81@kaczmarek.pl","490559667","57908781132185"
"390","Szymański-Majewski","arkadiusz12@kazmierczak.pl","454943313","39551891426560"
"391","Brzezińska","eliza40@czarnecka.pl","514697061","75492759869817"
"392","Baranowski-Majewska","sandra.jablonska@dabrowska.com","530943323","51905821319074"
"393","Pietrzak","eryk64@sobczak.net","370375880","67210157402903"
"394","Szulc","michalak.dorota@szulc.com.pl","734718746","53484887004141"
"395","Kowalska-Jasińska","hubert.pawlowska@kazmierczak.com.pl","358592581","23088903075539"
"396","Sawicka-Kwiatkowski","natalia.zielinska@gorski.com","377911985","25319692612330"
"397","Czerwiński sp. j.","angelika.wilk@kwiatkowski.com.pl","751089174","33683532298955"
"398","Wieczorek S.K.A","gorska.gabriela@gorska.com","352542599","07213571247293"
"399","Grupa Brzezińska","szczepanska.michalina@szymanska.info","634618143","95643292022366"
"400","Spółdzielnia Wiśniewska","glowacki.marcin@pawlowski.pl","312166785","25812683002780"
"401","Grupa Wojciechowska","malwina.zawadzki@kaczmarek.pl","871366436","21975707346138"
"402","Krupa","kacper94@szymczak.net","174947701","41481039475892"
"403","Fundacja Wiśniewska","angelika69@gorecka.pl","615736529","87896773605864"
"404","Urbański sp. p.","mborkowska@witkowska.com.pl","916834259","81930407401960"
"405","Stępień-Sadowska","cgrabowska@wozniak.pl","913639793","33937646483373"
"406","Szymczak s. c.","vszulc@sokolowski.net","658912042","69782585808653"
"407","Michalski s. c.","ernest45@gajewska.pl","699245697","15994008599950"
"408","Zając sp. p.","malgorzata.mazur@laskowski.pl","773062169","11191280939207"
"409","Wilk sp. z o.o.","brzezinska.melania@ziolkowski.info","433779465","13022923689218"
"410","Zakrzewski sp. p.","sjasinski@zawadzka.pl","372487614","09248344943607"
"411","Fundacja Rutkowski","nikodem.sokolowska@nowicka.pl","259112741","21959354293276"
"412","Król sp. j.","rozalia.majewska@bak.pl","710978911","83636036983150"
"413","Górecka S.A.","eliza.zajac@pietrzak.pl","478823665","01910438332365"
"414","Gajewski sp. j.","kalina.sikora@nowakowska.pl","252497028","07831043559167"
"415","Grupa Duda","bkolodziej@jablonska.com.pl","516892111","23198882895432"
"416","Mazur-Makowska","egajewska@kaczmarczyk.info","613548019","95172046562113"
"417","Głowacka S.A.","bak.marta@adamczyk.pl","039633960","73884013133655"
"418","Ostrowska P.P.O.F","julia38@dudek.org","337565936","87834271742359"
"419","Sawicki s. c.","piotrowski.daniel@zajac.com.pl","311358471","37781099498273"
"420","Fundacja Baranowska","kornelia.rutkowska@pietrzak.com.pl","852857241","53300532981701"
"421","Szymczak P.P.O.F","eliza.krupa@malinowska.pl","377160272","67476102745944"
"422","Stowarzyszenie Kowalska","wieczorek.milena@bak.net","311391540","85571453661351"
"423","Spółdzielnia Andrzejewska","krystian78@duda.pl","090948826","91364071591305"
"424","Borowski S.K.A","aszulc@jaworski.org","814006998","49045853516597"
"425","Makowski-Zając","czerwinska.nina@wojciechowski.pl","652229025","55954194129281"
"426","Adamska","dagmara21@tomaszewska.info","117197897","91586780240987"
"427","Makowski sp. j.","gpawlowski@wroblewski.pl","114154019","55390750701720"
"428","Kowalski-Górska","fryderyk.nowicki@pawlak.pl","319741896","79676269656861"
"429","Kozłowski-Baran","rozalia.szczepanski@pawlowski.pl","358553925","23150395069367"
"430","Stowarzyszenie Stępień","michal61@chmielewska.com.pl","436439304","73040484445642"
"431","Mróz","maurycy68@szulc.pl","715413361","95779450787333"
"432","Fundacja Zakrzewski","ksawery13@dabrowska.net","931360410","13713894042199"
"433","Wysocki","blanka53@pawlak.info","893270966","05419849046256"
"434","Malinowska i syn","zajac.maks@kucharska.com","112918850","63843527316103"
"435","Marciniak S.K.A","wojcik.antonina@jaworska.pl","833570563","21281272266779"
"436","Mazurek s. c.","lidia57@cieslak.pl","232483303","15610989433410"
"437","Spółdzielnia Lis","urszula.pietrzak@sawicka.pl","216564706","75531553278527"
"438","Stowarzyszenie Sawicki","lukasz51@wojciechowski.pl","630375672","03961322981313"
"439","Mazurek sp. k.","tymoteusz.bak@baranowski.info","333338468","79255830310882"
"440","Wysocki sp. z o.o.","laskowska.nataniel@sadowski.net","539177534","03988285795823"
"441","Włodarczyk-Kołodziej","jwojcik@nowakowski.pl","231944794","53726540634561"
"442","Król","adamski.klara@pawlowski.info","499720064","03095293518196"
"443","Kwiatkowska s. c.","tadeusz88@kubiak.org","011609735","07617590946994"
"444","Fundacja Górska","zawadzka.julian@ziolkowska.pl","917294279","41283756133001"
"445","Ziółkowski s. c.","szulc.alan@marciniak.net","877491711","79028535084730"
"446","Fundacja Lis","karolina71@krajewska.com.pl","673380100","41354246054948"
"447","Szewczyk","akwiatkowska@kowalczyk.pl","756080150","91672552497164"
"448","Fundacja Jaworski","melania.kaczmarczyk@kucharska.pl","573357132","85656741606539"
"449","Michalak i syn","julia.glowacki@andrzejewska.pl","293270287","07801744543534"
"450","Włodarczyk S.K.A","fkaczmarek@piotrowski.pl","575338570","45006848157818"
"451","Sobczak-Nowak","xmaciejewski@olszewska.pl","034992883","57879434099217"
"452","Ostrowska s. c.","emilia27@przybylski.pl","739493944","71233346618095"
"453","Ziółkowski S.K.A","milosz80@zawadzka.pl","679338990","31644929657604"
"454","Witkowski S.K.A","anastazja.krupa@wlodarczyk.pl","913509524","35409106633940"
"455","Fundacja Szewczyk","marciniak.cezary@mazur.pl","998396864","31708741231255"
"456","Kołodziej sp. j.","dudek.marika@kucharska.com.pl","419303880","03214308073134"
"457","Nowakowski i syn","milosz85@laskowska.pl","355384830","99851727980432"
"458","Ostrowska sp. j.","oostrowski@wroblewski.org","612760332","51771319725824"
"459","Przybylski S.K.A","nowak.patryk@sokolowska.info","599769251","33455652367870"
"460","Rutkowski-Gajewski","konrad73@gorski.net","759448129","79044935072208"
"461","Dudek P.P.O.F","aleks.krajewska@brzezinska.com","470996573","53482474007078"
"462","Górski sp. k.","vglowacka@olszewski.com","035425910","31922126303074"
"463","Brzeziński sp. z o.o.","bblaszczyk@andrzejewski.pl","559038596","39173806281429"
"464","Kwiatkowska","bruno20@baran.pl","079014710","45479076658017"
"465","Malinowska S.A.","andrzejewska.jeremi@krol.pl","777356063","31181638275103"
"466","Kucharska","karina13@gorska.net","436202499","23934918631192"
"467","Spółdzielnia Szulc","lwojciechowska@mroz.pl","877839516","11224512099590"
"468","Grupa Czerwiński","wieczorek.pawel@zakrzewska.org","311430671","75175706105481"
"469","Malinowska","kamila12@szymczak.net","053392600","83195793838086"
"470","Spółdzielnia Andrzejewski","kornelia.lis@majewska.pl","437884785","33583752019896"
"471","Kaczmarek-Górecka","jacek.nowak@kalinowski.pl","091345685","69867691715211"
"472","Wilk P.P.O.F","rolszewski@wilk.pl","312535900","91397436258929"
"473","Kozłowska s. c.","adrianna83@sadowski.pl","575285810","59223776985848"
"474","Laskowska","etomaszewski@wrobel.pl","072881042","49226648423809"
"475","Chmielewska","fblaszczyk@piotrowski.pl","574591108","31028078441532"
"476","Michalak P.P.O.F","cszymanski@wasilewska.pl","613432200","67747878634738"
"477","Włodarczyk-Wysocki","jadamska@mroz.pl","712662738","49494872704699"
"478","Kaczmarczyk","tadeusz48@sokolowska.pl","199793888","81988926498323"
"479","Grupa Pietrzak","nataniel.piotrowski@czerwinska.info","776162204","11756702927242"
"480","Ziółkowski","sonia05@wojcik.com","910255589","67296147261232"
"481","Kowalczyk sp. j.","ostrowski.amelia@nowak.pl","652765611","95506440811568"
"482","Dudek","sebastian.nowakowska@wisniewski.pl","911746970","95791536519799"
"483","Wojciechowski","wojciech42@wojciechowski.net","034682734","17995454583744"
"484","Grupa Sobczak","ksawery85@dudek.info","714578284","93631074795536"
"485","Nowak-Kaczmarek","bak.karina@wojcik.pl","856412837","67891051813627"
"486","Urbański","nadia88@wilk.org","590599623","95681894430271"
"487","Sikorska sp. j.","gorska.weronika@duda.pl","456692677","69400465824469"
"488","Szulc-Rutkowski","stefan09@blaszczyk.pl","779106212","47299303088834"
"489","Kwiatkowski S.K.A","dwasilewski@nowakowska.pl","233563470","23962366412580"
"490","Walczak","ybaran@stepien.net","613796467","29842853405910"
"491","Baran","ostrowska.olaf@michalak.info","998004150","07079865041548"
"492","Makowska s. c.","tmakowska@wysocki.com.pl","734257506","21597730062333"
"493","Wróbel","pawlowska.aniela@sikora.org","095309166","81059201954889"
"494","Stowarzyszenie Zawadzki","blazej.jakubowski@jablonska.pl","876834528","77090474533960"
"495","Zalewska","nwysocka@sobczak.pl","392022348","23732095981560"
"496","Mazur-Adamczyk","damian.mazur@wysocka.com","475099849","23940579508824"
"497","Spółdzielnia Wojciechowski","klaudia.jaworska@walczak.pl","699966445","65032449837280"
"498","Makowski-Kowalska","kozlowski.ignacy@jankowski.com.pl","137933085","43694604738220"
"499","Sobczak-Dudek","owroblewska@mroz.pl","590363100","19742483398607"
"500","Stępień","izabela.krol@szulc.pl","615036128","05506568903215"
"501","Grupa Wróbel","leonard.pawlowska@pawlak.pl","092908044","57538389509277"
"502","Wojciechowska S.K.A","nowicka.patryk@jasinski.pl","056409790","19913574837666"
"503","Baran","alan.grabowski@szymczak.com.pl","551818969","53638851043046"
"504","Dąbrowska","krol.ignacy@zielinski.com.pl","319848944","41351688246240"
"505","Zalewska-Jasiński","szulc.nikodem@bak.com.pl","399363414","29920165008916"
"506","Sikora-Lewandowska","rozalia59@sikora.pl","313563270","19462247875484"
"507","Michalak","wasilewska.sonia@andrzejewski.com","697651861","43511380750079"
"508","Kowalczyk i syn","dwasilewski@szymanski.com.pl","370276847","07607744342125"
"509","Marciniak-Witkowska","franciszek.kucharska@kwiatkowska.pl","153830467","11091230070886"
"510","Czerwiński-Walczak","franciszek.kucharski@szymczak.pl","491182816","77178448062917"
"511","Sikorska sp. k.","vlewandowska@szymanska.pl","555944872","43704705537430"
"512","Baranowska sp. z o.o.","wojciechowski.roza@witkowski.com","210767992","99235481802889"
"513","Baranowski s. c.","wsokolowska@jankowski.pl","398091050","95604234332441"
"514","Jabłoński","antonina.zielinski@nowak.info","099477216","67656799685080"
"515","Wróblewska","milena12@majewski.info","815145905","11582252391980"
"516","Rutkowska sp. p.","gabriela65@krawczyk.com.pl","134377910","13017441727040"
"517","Wysocka sp. j.","julianna.krol@czerwinski.com","159056000","69104690055445"
"518","Sikorski sp. p.","wroblewski.oliwier@zalewska.info","937400659","43131647120824"
"519","Mazur","sonia.jakubowski@wysocka.pl","798012380","29228154458113"
"520","Kamiński sp. z o.o.","piotrowska.lidia@adamczyk.pl","154002873","89602094527398"
"521","Czarnecka","iwo10@czarnecki.com.pl","932653290","01588273591991"
"522","Kaczmarczyk sp. k.","olgierd60@pietrzak.pl","957385364","29892346995553"
"523","Błaszczyk S.A.","hostrowski@kolodziej.pl","419256560","71490110153670"
"524","Grupa Kucharski","igor.kaczmarczyk@czarnecki.pl","357408894","75031315571280"
"525","Stowarzyszenie Woźniak","cieslak.klaudia@marciniak.net","116328481","67569419002251"
"526","Krupa sp. k.","wsawicka@kwiatkowska.net","932243511","01714138060390"
"527","Kucharski sp. z o.o.","ryszard41@szulc.net","332251311","53013398931944"
"528","Nowakowska","brzezinski.olgierd@kozlowska.org","493178285","59550743659385"
"529","Fundacja Sawicki","stefan70@borowski.pl","596274320","61743368479794"
"530","Pietrzak-Sikora","kornelia.grabowska@nowakowska.pl","172805173","27194619395302"
"531","Mróz i syn","pszulc@borkowski.pl","617914001","25937645763790"
"532","Szymczak","izalewska@baranowski.com","411330021","85430466494745"
"533","Sikorska S.A.","sandra.brzezinski@grabowska.pl","993315387","35109955896422"
"534","Sikorska sp. p.","juliusz63@malinowski.pl","350325538","39013372429617"
"535","Wojciechowska","dominika37@kubiak.com.pl","694790792","71061560574265"
"536","Kalinowski sp. z o.o.","blazej46@wojciechowska.com.pl","130253565","69204691994066"
"537","Czerwińska-Szymańska","urbanska.dariusz@gajewski.com.pl","338779705","65527293217943"
"538","Stępień-Zalewski","witold54@czerwinski.com","736989515","65860233039251"
"539","Grupa Zielińska","kucharska.krystyna@szymczak.pl","617099423","85328961070109"
"540","Czarnecki","szewczyk.borys@kolodziej.com.pl","337785939","25881864031307"
"541","Pawłowski sp. p.","kprzybylska@przybylska.com","734775218","83177921844553"
"542","Sikora-Szewczyk","xkubiak@zawadzki.com.pl","810052205","29954218952963"
"543","Stowarzyszenie Grabowska","lucja.ziolkowski@pietrzak.info","490339339","15131801555040"
"544","Jankowska S.A.","zwrobel@kaczmarczyk.com.pl","795131812","85870947069787"
"545","Kaźmierczak-Górska","ada71@pawlak.net","631467028","81380194389558"
"546","Zakrzewska S.K.A","dagmara99@wozniak.info","259662789","01587503783988"
"547","Wilk","blazej71@szymczak.pl","710414976","87091594153550"
"548","Wójcik sp. j.","jerzy.borowski@sadowska.info","113109130","17339131949200"
"549","Jaworski S.K.A","pola.wozniak@kowalski.info","291652748","51507697021965"
"550","Malinowska sp. z o.o.","oliwia68@kolodziej.pl","899798846","93259225261805"
"551","Szymański","tymon.pawlowski@gorski.pl","895378120","39734549300950"
"552","Fundacja Wróblewska","justyna.mazur@przybylska.info","530614714","37644671854764"
"553","Grupa Kaczmarczyk","sikorski.dagmara@mroz.com.pl","619677539","77376208580456"
"554","Kamiński-Kowalski","jwroblewska@wlodarczyk.pl","458045580","29672188597635"
"555","Błaszczyk-Kaczmarczyk","witkowski.wojciech@makowski.org","014943200","57999597409268"
"556","Głowacka S.K.A","cezary.wroblewska@michalak.pl","515899134","07186865401208"
"557","Baran sp. p.","brzezinski.karolina@olszewska.pl","753631499","41665923460108"
"558","Urbański sp. k.","borkowski.inga@witkowski.pl","634024745","83646333663866"
"559","Nowakowska sp. z o.o.","michalina09@walczak.pl","099197126","11687250052224"
"560","Szewczyk P.P.O.F","rkowalczyk@wieczorek.pl","870504273","79328031856839"
"561","Nowicka sp. z o.o.","ezalewska@pawlak.pl","956475450","37554185705018"
"562","Majewski P.P.O.F","aniela.wilk@pietrzak.net","953164560","07058167224280"
"563","Jaworska sp. p.","mazurek.liliana@zielinska.net","398144992","07732498446435"
"564","Andrzejewski S.A.","ekowalska@zielinski.pl","959466368","67195428661897"
"565","Zieliński S.A.","makowski.ksawery@wieczorek.info","139024688","43409141777144"
"566","Kozłowska","wkrawczyk@baranowska.info","753831904","23803090434990"
"567","Kowalczyk sp. k.","zborowski@cieslak.pl","937952979","05140699878783"
"568","Lis-Wojciechowska","amelia.urbanski@borkowska.com.pl","851976601","91920286751178"
"569","Szulc","juliusz.zajac@przybylski.com.pl","894677055","87125839101368"
"570","Jaworska i syn","juliusz13@kucharska.pl","650766500","23635345446983"
"571","Marciniak-Michalak","nowicka.klaudia@jablonski.net","537904616","65755880016484"
"572","Ziółkowska","sara22@sadowska.pl","414856568","97001247259890"
"573","Wojciechowska","fryderyk30@dabrowska.pl","755758270","09004626505940"
"574","Dąbrowska","wojciech12@gajewska.org","157312835","77390044641052"
"575","Stowarzyszenie Zalewska","rmichalak@stepien.com.pl","952512237","61925775402800"
"576","Sawicka","qlaskowski@stepien.pl","791229460","49698157406361"
"577","Kaczmarczyk","pola.jakubowska@jankowska.com","178035428","95901898317725"
"578","Kubiak sp. p.","majewski.rafal@jasinski.pl","896958611","21563013426032"
"579","Jakubowski-Włodarczyk","kowalski.kacper@pawlowska.pl","959935685","95508290326130"
"580","Marciniak S.A.","natasza11@szczepanska.org","494244268","17576465877938"
"581","Andrzejewska","lukasz.kwiatkowska@witkowski.pl","655693250","55272183553940"
"582","Rutkowski P.P.O.F","gkazmierczak@kaczmarczyk.pl","271057263","05288509671346"
"583","Kamiński","wlodarczyk.marcelina@szewczyk.pl","350263754","67978673074633"
"584","Szymczak","dwisniewska@gorecka.org","539864520","81104140043023"
"585","Maciejewski sp. p.","cwasilewska@jasinska.pl","830644663","85950857868151"
"586","Szymański sp. p.","nowakowska.natan@wojciechowski.net","012543613","71498474225401"
"587","Maciejewski S.K.A","maria76@michalak.org","035182519","45383851914080"
"588","Szymańska","natalia.mazur@kaczmarczyk.pl","973578895","63537143754907"
"589","Fundacja Tomaszewska","lszewczyk@jablonski.pl","637981861","01497668790633"
"590","Stowarzyszenie Olszewski","uzielinski@dabrowska.pl","290127299","05436757207676"
"591","Gajewski s. c.","jankowska.dorota@laskowska.org","456677293","41079491346236"
"592","Makowska","juliusz.grabowski@pawlowski.info","234090281","21474599377537"
"593","Spółdzielnia Michalak","ida37@krol.com","378793803","67913535286411"
"594","Kubiak-Michalska","szewczyk.ksawery@sawicki.com.pl","073401498","09555331146560"
"595","Krajewska","angelika.ostrowski@wilk.pl","031432095","49939146561645"
"596","Szymański sp. z o.o.","zkubiak@adamski.pl","794003644","11985451467320"
"597","Krawczyk sp. z o.o.","bmazurek@bak.pl","939870748","13704919333859"
"598","Rutkowski sp. j.","radoslaw.zalewska@nowicka.pl","850205787","99247788634210"
"599","Górski","ryszard68@szymczak.com.pl","538477330","51425292718011"
"600","Chmielewska S.K.A","malgorzata43@przybylski.com.pl","096304047","55926260303521"
"601","Górska S.K.A","eliza28@krupa.com","970531120","31994810842997"
"602","Wasilewska sp. j.","bkowalczyk@marciniak.net","951018972","19285486551680"
"603","Wróbel i syn","maciejewska.janina@ziolkowska.com","371073709","25625370298165"
"604","Czerwiński","adrianna72@sikora.com","775390044","03086972082414"
"605","Michalak sp. p.","fkrajewska@chmielewska.com.pl","839367219","35545217038996"
"606","Borowski sp. k.","hanna93@szewczyk.pl","759192517","69101972553010"
"607","Błaszczyk","zakrzewska.alan@baran.com","334184458","17686889730174"
"608","Wilk S.A.","zofia.kaczmarczyk@sikorska.pl","155320606","17516509912878"
"609","Jakubowska","qsikorska@piotrowski.info","053860649","41926272137289"
"610","Sokołowska","cszczepanska@gorecka.org","010883322","53703191552109"
"611","Nowak S.A.","wojcik.wiktoria@tomaszewski.pl","490822455","03357160744341"
"612","Woźniak sp. z o.o.","adrian40@chmielewska.pl","095738275","89525661102421"
"613","Mróz sp. k.","lena34@duda.org","293490422","81266462278521"
"614","Czerwiński S.K.A","igor68@stepien.com.pl","596827858","61482197749160"
"615","Szymańska sp. z o.o.","patryk77@dudek.com.pl","055368361","23692864714129"
"616","Mazurek","laskowski.mikolaj@baranowska.info","511067709","45555502764636"
"617","Spółdzielnia Jaworski","andrzejewska.stanislaw@wozniak.org","056694714","05629566406429"
"618","Dudek","michalski.jedrzej@przybylska.com.pl","555237353","13573807254317"
"619","Malinowski","wojciech60@kaczmarek.pl","198855239","39362657410863"
"620","Wilk","sadowski.natasza@stepien.com","293622970","59345196781950"
"621","Kucharski","michalak.karol@krol.info","394744057","27864501764278"
"622","Piotrowska sp. p.","fborkowski@gajewska.pl","594514546","39925357100613"
"623","Jasińska S.A.","sandrzejewski@witkowski.pl","455596799","91943095399274"
"624","Jasińska","kajetan51@sawicka.pl","892693742","17305675652989"
"625","Marciniak i syn","znowakowska@duda.pl","978489216","47693680471513"
"626","Krupa","nicole64@zajac.net","110538540","37582674997166"
"627","Jabłoński sp. j.","milena.adamska@szulc.com","735016035","87395953171129"
"628","Malinowski-Kubiak","aniela.konieczny@kucharski.net","838828138","99021384160693"
"629","Sadowska sp. z o.o.","michalska.melania@witkowski.pl","298842587","61886934392248"
"630","Kozłowska","lukasz.stepien@wieczorek.com.pl","495659770","85723251133466"
"631","Grupa Dąbrowski","alan98@nowakowska.pl","932466375","49834546354218"
"632","Fundacja Gajewski","inga.walczak@kalinowska.com.pl","157548160","59770478036957"
"633","Kalinowska-Wilk","sobczak.patrycja@brzezinski.com","352641960","93911379228539"
"634","Tomaszewska sp. p.","jozef.kaczmarek@nowak.com.pl","296525931","79511974552975"
"635","Olszewska","alex36@kucharski.pl","717053145","95588996568865"
"636","Kaczmarczyk sp. j.","ignacy94@sikora.com.pl","794088907","71843345345339"
"637","Michalski-Ostrowska","zakrzewska.borys@zielinski.pl","136947790","79832959020902"
"638","Sokołowski sp. p.","tymoteusz87@andrzejewski.pl","337405240","69854324024152"
"639","Krupa s. c.","przemyslaw.duda@maciejewski.com","790084249","93322893300686"
"640","Stępień s. c.","daniel52@maciejewski.pl","053816559","61249593019302"
"641","Zawadzka-Adamczyk","cbaranowski@lewandowska.pl","990793034","21644029846639"
"642","Marciniak sp. k.","barbara29@sikora.com.pl","617978969","91019596020642"
"643","Pawłowski","lwasilewska@lewandowska.net","758313730","71433829025218"
"644","Spółdzielnia Nowakowska","qborowska@sawicki.com","535621044","89071081524260"
"645","Adamczyk P.P.O.F","nadia48@baran.com.pl","618930083","61556410072787"
"646","Szymańska-Michalska","zalewski.krzysztof@dudek.pl","097220387","65770454883036"
"647","Sawicki","qjaworski@krajewska.com","839031146","81007084187630"
"648","Grupa Walczak","jakubowski.eliza@wasilewski.com.pl","354201709","31708746427909"
"649","Jabłońska","nataniel30@dabrowski.pl","916251084","19862373090536"
"650","Ziółkowski S.A.","krawczyk.eliza@dabrowska.com","691121530","55250949554290"
"651","Kołodziej S.K.A","olaf06@chmielewska.pl","913759511","39096692115900"
"652","Wojciechowski sp. p.","antonina20@lis.pl","116662636","05567462634911"
"653","Krajewski","agata.szymanski@tomaszewski.com","493258417","95646394932384"
"654","Fundacja Kaczmarczyk","anna.majewski@sadowska.pl","396285174","75377522993426"
"655","Pawłowski P.P.O.F","dprzybylski@wysocki.info","631068736","29135083023108"
"656","Grabowska s. c.","gabriel96@wilk.net","794157287","73144866062521"
"657","Kozłowski i syn","nzielinska@krol.com","395729634","79043044403459"
"658","Szymański-Wilk","nowakowska.liliana@kozlowski.org","357759843","41907489951380"
"659","Szymańska","laura.zalewska@jankowska.pl","890219232","01182428004969"
"660","Tomaszewska","aborkowska@mroz.com.pl","454953760","15000890449044"
"661","Czerwiński sp. k.","rmaciejewski@zielinski.pl","779321525","33725205485090"
"662","Wróbel","wieczorek.rafal@sokolowska.net","139931185","57286650617723"
"663","Wróblewski-Krawczyk","amelia.kalinowski@pawlowski.pl","456734447","93252417334902"
"664","Kwiatkowski S.A.","baranowska.nela@mazur.info","917180788","17366117301671"
"665","Laskowska","stepien.ada@sokolowska.pl","814662484","77512792186787"
"666","Fundacja Rutkowska","nchmielewski@baran.com.pl","959459457","51350893944331"
"667","Stowarzyszenie Adamczyk","zalewski.oliwier@nowak.pl","050727140","61707535155442"
"668","Zawadzki","julian12@kozlowska.pl","718524210","13192401018801"
"669","Jakubowska P.P.O.F","anna.szczepanski@adamczyk.com.pl","577645170","51623076973172"
"670","Ostrowska","juliusz04@witkowska.info","054262790","67861928916097"
"671","Pawłowska","michal.zawadzka@baranowski.org","658037290","89755021436160"
"672","Kaczmarczyk sp. j.","jeremi06@adamczyk.com","159535462","57863686538019"
"673","Olszewska i syn","szymon64@michalak.com.pl","855057682","07603760455420"
"674","Michalak","jkubiak@jankowski.pl","277585508","41678691059021"
"675","Dudek sp. k.","klara.adamczyk@jablonski.pl","077811922","95128213770630"
"676","Wojciechowska s. c.","jaworski.emilia@duda.com.pl","572846395","41423428169907"
"677","Wójcik S.A.","piotrowska.sebastian@piotrowska.org","139563860","77855741559676"
"678","Krawczyk sp. k.","roksana59@mazur.pl","457480374","97502191000419"
"679","Wróblewska S.A.","bruno49@czarnecka.com","353516569","51016385914280"
"680","Zając-Jankowski","tomasz23@czerwinski.pl","050286457","65641666910646"
"681","Adamczyk S.K.A","cezary50@borkowska.pl","995434765","57512896766411"
"682","Michalska","elzbieta.walczak@zajac.pl","657250082","57603969770547"
"683","Jankowski","pawlak.janina@pietrzak.com","753800766","13819368063950"
"684","Sadowska S.A.","bkaminski@jakubowska.pl","410176032","17333063140198"
"685","Brzezińska S.K.A","wziolkowska@kolodziej.com.pl","810209983","77898196999991"
"686","Sobczak","julia57@krupa.net","436184241","43533782019278"
"687","Borowski","majewski.leon@stepien.pl","911788030","19823082951193"
"688","Borowski s. c.","jagoda.urbanska@walczak.org","131775739","91456129074950"
"689","Lis sp. z o.o.","jmaciejewski@lis.info","790588139","49082862472133"
"690","Krupa s. c.","jasinski.radoslaw@witkowska.com.pl","518714425","31400686797050"
"691","Marciniak sp. z o.o.","emil.szulc@olszewska.pl","592545502","81454654287329"
"692","Wilk S.K.A","tzakrzewska@bak.pl","419359886","79744329579039"
"693","Wojciechowski S.K.A","piotr.jankowska@wilk.info","911591958","39401751270741"
"694","Cieślak S.K.A","alan96@kubiak.pl","953258500","21473499577934"
"695","Pawlak-Makowski","laura30@wrobel.info","212753422","69609772488252"
"696","Krajewska","zalewski.klaudia@szymanski.org","196218920","73305665128507"
"697","Ostrowska","olga24@kozlowska.pl","492661312","77947308638689"
"698","Grupa Szulc","gustaw.kalinowski@czarnecki.org","112161297","89426544721360"
"699","Ostrowski sp. p.","cezary19@zawadzki.pl","874680707","81141521323645"
"700","Duda","nblaszczyk@konieczny.info","271782455","75752890155060"
"701","Pietrzak","cyprian37@borowska.pl","159298275","07386031020591"
"702","Kubiak S.A.","dwysocki@michalak.pl","355519773","81453798012327"
"703","Jasińska sp. z o.o.","paulina77@majewski.com.pl","953883310","51155937009857"
"704","Szulc sp. j.","nstepien@szymczak.pl","213293968","41531579736898"
"705","Urbańska P.P.O.F","jakubowski.joanna@przybylski.info","050018685","05898377606150"
"706","Ostrowska i syn","wasilewska.zofia@baran.pl","415425505","97654870707207"
"707","Kalinowski S.A.","roza.jankowski@jaworski.info","935518517","55536927395078"
"708","Jakubowska S.K.A","wrobel.julita@krajewski.pl","733161425","29461615060079"
"709","Lis P.P.O.F","jostrowska@kazmierczak.pl","878566606","83043465807700"
"710","Gajewski sp. z o.o.","vkucharski@jasinska.pl","330220246","33729713438577"
"711","Brzeziński sp. z o.o.","julita53@sawicki.info","974800953","19052935195759"
"712","Szulc-Sadowski","nina01@marciniak.com.pl","298161350","39467451755320"
"713","Grupa Szymański","klara.zawadzka@adamczyk.org","798605162","75056990826294"
"714","Piotrowska i syn","wrobel.aleks@pawlak.com.pl","770799805","35089569011900"
"715","Bąk-Brzeziński","maja.makowski@dabrowski.pl","231870765","63486057198583"
"716","Michalski-Michalak","czarnecka.dawid@maciejewska.org","491848534","25401881398705"
"717","Sadowska sp. p.","kaczmarek.ernest@jablonska.pl","732496833","19530656135318"
"718","Maciejewska","franciszek18@dabrowska.pl","136454023","25493841389820"
"719","Krawczyk","baran.oliwia@stepien.pl","592566467","93023803221449"
"720","Fundacja Maciejewski","vkrupa@sadowski.pl","310266459","43622921647142"
"721","Laskowski","gabriel.sawicka@ostrowski.pl","759850676","87335216048486"
"722","Zawadzka","maksymilian60@mroz.net","395660233","69464779352792"
"723","Czarnecka s. c.","tjaworski@wieczorek.pl","797587485","17148477825108"
"724","Wójcik S.A.","kzakrzewska@wrobel.pl","591383569","57906115431090"
"725","Mazur sp. j.","pmroz@krawczyk.com.pl","013192765","45795808345914"
"726","Grupa Zawadzka","lucja.tomaszewska@kalinowska.com.pl","959113760","57451870373685"
"727","Chmielewski sp. p.","leonard.borowska@cieslak.pl","672287627","97534190935539"
"728","Sokołowska","rkalinowski@walczak.pl","556259061","53338981595853"
"729","Błaszczyk-Kowalska","jakubowski.inga@kolodziej.pl","296658595","19860046226661"
"730","Kaczmarek sp. j.","isokolowski@zajac.net","396304670","09845334338459"
"731","Górski","rkucharski@adamska.pl","871907932","41346762358362"
"732","Mazur sp. k.","nzalewski@grabowska.pl","777054422","37133058934241"
"733","Piotrowski S.A.","stefan97@blaszczyk.com.pl","079842619","41516890706677"
"734","Jabłońska S.K.A","piotrowska.milena@zakrzewski.pl","711102196","69535065875463"
"735","Czarnecki sp. k.","uwisniewska@cieslak.pl","216755553","71730908285960"
"736","Stowarzyszenie Urbańska","angelika60@kaminska.info","917497284","41459967001780"
"737","Dąbrowska sp. z o.o.","baranowska.szymon@wlodarczyk.net","316807637","95123399502180"
"738","Kaczmarczyk S.K.A","tadeusz.kowalski@kucharska.pl","374857972","17306761387850"
"739","Zalewska sp. k.","pawlowski.nadia@kowalczyk.org","513018566","27074840464537"
"740","Kołodziej","zurbanski@borkowska.info","219137270","93443769158973"
"741","Zakrzewska sp. z o.o.","nataniel.zajac@maciejewski.pl","275838690","11360191842510"
"742","Michalska S.A.","kaminski.dominik@brzezinski.com.pl","818246943","67566083124921"
"743","Fundacja Pietrzak","aleksandra44@wojciechowski.pl","392748068","33879270057320"
"744","Jakubowska-Borowski","kornel.konieczny@dudek.org","219195304","49323460620393"
"745","Grupa Wasilewski","duda.anita@kozlowska.pl","677610582","91816461087361"
"746","Kubiak","aleksander.jankowski@wasilewska.com","738863103","43644183860537"
"747","Duda","blanka.szulc@pawlowska.net","138464238","27882561822599"
"748","Marciniak","kjablonska@pietrzak.org","937190624","35455300663842"
"749","Borkowska P.P.O.F","justyna.sikorska@olszewski.pl","331406533","91644677003967"
"750","Borkowski s. c.","zofia.krawczyk@glowacki.pl","597863508","31209119444353"
"751","Olszewski sp. j.","jozef.marciniak@michalska.pl","878124713","05758613920347"
"752","Makowski i syn","weronika48@jablonska.net","152711460","69773683099031"
"753","Lewandowski i syn","piotrowski.maurycy@duda.pl","195599988","13491509823658"
"754","Urbański P.P.O.F","emilia16@kalinowski.com.pl","292969051","85484813485917"
"755","Grupa Kołodziej","norbert.wozniak@tomaszewska.com.pl","630076343","25608595057646"
"756","Sawicka s. c.","wilk.rafal@kalinowska.com","331154586","51120265670282"
"757","Spółdzielnia Wilk","ida67@krawczyk.com.pl","174061179","83172939669734"
"758","Zakrzewska sp. j.","mmaciejewski@ostrowski.net","376992869","05684305479628"
"759","Spółdzielnia Jasińska","jeremi.baran@wisniewski.com.pl","016265163","59057406624733"
"760","Baranowski S.A.","zwojcik@jasinska.pl","954303012","83595485942520"
"761","Witkowska","arkadiusz.grabowski@kaczmarczyk.pl","416534640","85550366786394"
"762","Mazur","tnowakowska@michalski.pl","632827983","31079809675199"
"763","Dąbrowski S.K.A","andrzejewski.anita@gorecka.pl","733136806","89741999708298"
"764","Szewczyk-Urbańska","akubiak@sikora.pl","696094111","59389377756779"
"765","Szulc sp. p.","yzawadzki@pawlak.net","111478342","43203862016788"
"766","Mazur","nataniel.kowalski@lewandowski.pl","510342355","87463374832211"
"767","Michalak-Baran","marcelina92@wysocki.pl","838050992","95534964868603"
"768","Wójcik-Michalska","szewczyk.dawid@zielinska.pl","831806381","47382239417891"
"769","Rutkowski","borkowska.ewelina@lis.com.pl","637794113","09015102201036"
"770","Olszewska","swasilewska@krawczyk.pl","659260713","19568332941525"
"771","Sikora","michal.szczepanska@pawlak.pl","356877530","29207773743134"
"772","Stowarzyszenie Jankowska","franciszek.wieczorek@wieczorek.pl","798781930","21304749425214"
"773","Głowacka s. c.","kornel66@lewandowska.com","514983507","77950247435556"
"774","Kalinowski-Mazurek","mazurek.marcelina@rutkowska.pl","158681747","89759438723150"
"775","Ziółkowska sp. p.","vsokolowski@walczak.com.pl","210939447","91762280372421"
"776","Kozłowski S.K.A","chmielewski.franciszek@krol.com.pl","070884190","05743304540004"
"777","Kaczmarek i syn","zofia27@kaminska.org","496913331","77607807612874"
"778","Stowarzyszenie Kaźmierczak","damian.michalak@wlodarczyk.info","613606745","29213694823921"
"779","Szulc","kolodziej.apolonia@witkowska.com.pl","339985996","55716355893673"
"780","Wysocka-Kowalczyk","lukasz.czerwinski@gorski.org","034162153","13413781508720"
"781","Walczak sp. z o.o.","karol.wasilewski@borowski.org","070369104","85429112840349"
"782","Sikora sp. k.","albert36@kolodziej.net","753798029","59258355001190"
"783","Sadowska sp. p.","vkrajewska@lis.pl","456888328","41600847119688"
"784","Grupa Lewandowska","dglowacki@urbanska.net","838703081","29346636954786"
"785","Wilk i syn","wiktor.jaworski@michalak.info","030197551","39349257643663"
"786","Wysocki","juliusz.konieczny@krol.pl","115047550","19274592383320"
"787","Malinowski S.K.A","jczerwinski@kalinowska.net","053352195","35493321730685"
"788","Dąbrowska s. c.","zalewska.ksawery@tomaszewska.pl","072523549","67660334405880"
"789","Zielińska-Ziółkowska","julia89@tomaszewski.com.pl","932671862","49092706589719"
"790","Wróbel s. c.","zsobczak@zalewski.pl","570731021","97346936762790"
"791","Stępień i syn","gajewski.tola@gorski.pl","494277902","91766483646892"
"792","Kozłowski","piotr60@marciniak.pl","593030059","93963224035342"
"793","Stowarzyszenie Borkowska","marianna.chmielewski@makowska.pl","050663598","97475768307357"
"794","Fundacja Piotrowski","adamski.lidia@malinowski.info","916605576","93583604516364"
"795","Borowski P.P.O.F","liliana.kozlowska@szczepanska.info","914580286","77623944418356"
"796","Stowarzyszenie Ziółkowska","julian.przybylski@krajewski.org","630375169","73835927358290"
"797","Stowarzyszenie Wróbel","wiktoria.michalska@szewczyk.net","353434110","29852378772798"
"798","Ostrowski-Nowakowski","zajac.franciszek@jasinski.com.pl","070890864","69515929726798"
"799","Ostrowski","liwia.laskowska@przybylski.pl","974678624","01821490098717"
"800","Walczak s. c.","csokolowska@michalak.com.pl","016433175","75747582092340"
"801","Olszewski s. c.","iwieczorek@szymczak.pl","492130916","93760762720433"
"802","Krajewska P.P.O.F","kaczmarczyk.adam@kaczmarek.org","214367479","81081107129876"
"803","Zieliński","roza.wojciechowski@borkowski.pl","112008584","27400795252156"
"804","Górska","hanna.gorska@duda.info","611350224","43168868186231"
"805","Adamczyk sp. k.","leon57@pietrzak.net","773402091","69433650964705"
"806","Grupa Nowak","nmaciejewski@adamski.pl","831827294","13598968034409"
"807","Wasilewski-Piotrowska","ernest.michalak@mazurek.com.pl","555493211","25094045917320"
"808","Zakrzewski sp. z o.o.","tomasz81@laskowska.com.pl","770921413","01800214379320"
"809","Michalski","arkadiusz43@tomaszewski.com.pl","592556032","71851535274020"
"810","Michalak-Makowska","sobczak.daniel@baran.info","736411673","15883355966032"
"811","Zalewski sp. p.","gustaw.makowski@nowak.com","014142781","83516752973937"
"812","Wieczorek","zofia.sawicka@krawczyk.com.pl","199260749","85618165171259"
"813","Walczak","xnowicki@michalski.net","039688434","07020409959399"
"814","Maciejewska sp. j.","twozniak@jasinska.net","256751802","01521068019275"
"815","Krajewski sp. z o.o.","norbert00@marciniak.pl","179805762","41516603890595"
"816","Rutkowski sp. j.","hwitkowska@ostrowska.pl","034391899","53062889202913"
"817","Wieczorek","czarnecka.aurelia@sobczak.com","379092480","49532743091857"
"818","Jakubowski","mazur.karolina@marciniak.pl","176813471","39505233844991"
"819","Kowalczyk P.P.O.F","tszymanska@olszewski.org","613997585","99393143631778"
"820","Gajewska","igor34@szczepanska.pl","838921866","31458567017565"
"821","Baran sp. j.","borys.pawlowski@lis.pl","334078176","79813118419448"
"822","Kaźmierczak sp. p.","nicole99@gorski.com","990842880","01191599875835"
"823","Laskowski","xkrajewski@czarnecka.pl","351797469","81119595804479"
"824","Urbański S.A.","klara99@cieslak.pl","458551768","37455765593810"
"825","Szewczyk S.K.A","dwalczak@krupa.pl","432757585","91516154550186"
"826","Przybylski","dominika.sikora@duda.com.pl","117983710","77216317062970"
"827","Głowacki sp. p.","baran.alicja@cieslak.com.pl","293257826","73473998415561"
"828","Wojciechowska","nowak.krystyna@sokolowska.com.pl","558799347","75352632532906"
"829","Borkowska sp. k.","kowalska.gabriel@szymanska.com","070471570","01561332071005"
"830","Ostrowski P.P.O.F","cwasilewska@wilk.com.pl","635516249","55384308472423"
"831","Fundacja Michalak","tymon63@kowalska.pl","191812149","67574405402931"
"832","Dąbrowski sp. z o.o.","fadamczyk@lewandowski.pl","698201404","05788171496160"
"833","Borowska sp. z o.o.","yrutkowski@ostrowska.pl","837277848","53373953498540"
"834","Witkowska sp. p.","marek.bak@dabrowska.com.pl","952662505","39832800213296"
"835","Pietrzak sp. j.","gabriela94@kaczmarczyk.com.pl","878042903","81478037303318"
"836","Wasilewski sp. z o.o.","dmalinowski@krol.com.pl","972384120","29537040325181"
"837","Chmielewski-Krawczyk","pietrzak.andrzej@wojciechowska.pl","271383985","49046397378877"
"838","Pawlak","mwisniewski@baran.org","453510411","87111046427483"
"839","Jasiński sp. z o.o.","ijaworska@glowacka.pl","171015061","11165327110748"
"840","Cieślak S.K.A","iwilk@rutkowska.pl","035861462","07969798515138"
"841","Spółdzielnia Grabowska","maksymilian49@michalak.pl","236656048","71068595903659"
"842","Urbańska i syn","jszymanski@kucharska.pl","539546397","89932660456477"
"843","Tomaszewski-Cieślak","isikorska@jablonska.pl","838828434","31618511856140"
"844","Marciniak i syn","cezary82@pawlak.pl","717008653","17172621868868"
"845","Sawicki P.P.O.F","kinga.andrzejewski@baran.com","879658701","65830081802160"
"846","Sadowski P.P.O.F","szymczak.roksana@malinowska.pl","576713834","29923190571500"
"847","Dąbrowski sp. z o.o.","emil.kaczmarczyk@wieczorek.com","314991022","17440953025253"
"848","Kaczmarek i syn","malgorzata81@pietrzak.net","210600157","41873300655098"
"849","Wójcik","ublaszczyk@ziolkowski.pl","952935386","01077734783652"
"850","Wilk","pola.urbanska@kowalska.org","654154024","69551847700341"
"851","Zawadzka S.A.","marcin14@ziolkowska.pl","533674013","65075540710949"
"852","Urbański P.P.O.F","agnieszka.sokolowska@andrzejewska.pl","871203645","43223201091294"
"853","Grabowski","krawczyk.blanka@mroz.pl","690197034","31018928522947"
"854","Zając","fjablonska@rutkowska.net","671376642","85978094971930"
"855","Stowarzyszenie Sobczak","ksawicki@kazmierczak.net","396282508","97982174755910"
"856","Kamińska","vjablonski@kozlowska.org","656381008","07884524801286"
"857","Brzezińska s. c.","osobczak@czarnecki.org","570492881","17136616844882"
"858","Kowalczyk","leon86@pawlak.pl","971495219","97476789469332"
"859","Jakubowski S.A.","smichalska@szymanska.net","716864210","41195125001400"
"860","Nowicki","julita.dudek@piotrowska.pl","710513069","47416497062069"
"861","Spółdzielnia Ostrowski","bianka.dabrowski@lewandowska.pl","735818763","93202031451492"
"862","Mazur sp. z o.o.","wojciechowska.janina@zawadzki.org","119389069","51532535095899"
"863","Zakrzewski sp. j.","akrajewska@brzezinski.com.pl","993709436","51923896148412"
"864","Witkowska S.K.A","barbara.cieslak@walczak.pl","816835240","45582704657308"
"865","Wróblewski-Mazurek","kalinowski.adrianna@cieslak.pl","752138199","49462119109600"
"866","Mazur i syn","leonard.jakubowska@krol.pl","059667586","53682708449294"
"867","Zakrzewska S.K.A","wlis@sawicka.pl","018979464","33847821155676"
"868","Urbańska sp. j.","sara.ziolkowski@mroz.pl","917256758","77410633191108"
"869","Baran","lena.glowacki@borkowski.pl","291844382","43447152299970"
"870","Stowarzyszenie Wiśniewska","marianna.kowalczyk@wasilewski.pl","834666845","89160622130362"
"871","Stowarzyszenie Piotrowski","joanna.kaminski@lewandowski.pl","732181822","21485015860668"
"872","Wiśniewska P.P.O.F","urbanska.marcin@wieczorek.pl","539388082","67009854377405"
"873","Zakrzewski","mgorecka@laskowski.pl","398112615","15029493384600"
"874","Marciniak P.P.O.F","elzbieta.krol@piotrowski.pl","838837166","13163758105690"
"875","Cieślak s. c.","jaworski.jerzy@ostrowska.org","591986090","35858236408139"
"876","Fundacja Woźniak","hpiotrowski@bak.pl","212393811","95999144294098"
"877","Mazurek s. c.","makowski.maks@kazmierczak.net","836740014","89419436819680"
"878","Szymczak sp. k.","wiktor.krajewski@kowalska.pl","058953858","81274297714337"
"879","Michalski s. c.","pawel.grabowska@gorecka.pl","632208748","01591539247802"
"880","Malinowski sp. j.","ignacy59@ostrowska.com","311530875","35060235725941"
"881","Fundacja Czerwiński","iwo.wozniak@wisniewski.com.pl","392192010","29807421420100"
"882","Szczepańska sp. p.","lis.stanislaw@krupa.pl","458683607","01010423057744"
"883","Górecka-Kaczmarczyk","inga09@adamska.com","510053757","57231092145985"
"884","Adamczyk sp. z o.o.","obak@baranowski.pl","858395497","61409923357303"
"885","Majewski","glowacka.ewelina@sikora.net","316805087","65544763374370"
"886","Gajewski-Gajewski","lukasz.jaworska@andrzejewska.pl","256661312","65937083849310"
"887","Sawicki-Walczak","sylwia34@zalewska.com.pl","231484192","47420100444571"
"888","Michalska sp. z o.o.","damian.nowakowski@sobczak.net","571302530","13208358704359"
"889","Dąbrowska i syn","chmielewski.ada@urbanska.net","895369338","71385096226500"
"890","Grupa Sokołowska","michalina.duda@zajac.info","791823230","49299570501895"
"891","Stowarzyszenie Wasilewski","kamil04@krol.pl","517738079","09608792805253"
"892","Sawicki sp. k.","vsadowski@blaszczyk.pl","298924954","31480317339025"
"893","Górska i syn","patryk.witkowski@wrobel.com","950604142","85786629130313"
"894","Michalski sp. j.","aleks28@pawlowska.info","671242730","33480398059576"
"895","Jakubowska P.P.O.F","lkozlowska@lewandowska.pl","711115448","19281478897150"
"896","Włodarczyk i syn","hwrobel@pawlowska.com","012673089","53845602540708"
"897","Fundacja Kalinowski","grzegorz.krupa@dudek.com.pl","135256924","75267680920068"
"898","Baran i syn","krajewski.aniela@baranowska.com.pl","551160010","25669734070078"
"899","Mazur sp. z o.o.","szymczak.karina@gajewska.org","278126286","29822377265853"
"900","Stowarzyszenie Szymczak","melania.rutkowska@dudek.pl","619525841","09260300866475"
"901","Brzezińska","maja32@bak.com.pl","554166591","79739320383780"
"902","Nowicka-Czerwiński","rglowacki@ostrowski.pl","335697154","85148229934137"
"903","Dudek sp. j.","zawadzka.tymoteusz@andrzejewski.info","396883024","11517643139351"
"904","Grupa Woźniak","inga44@sokolowski.com.pl","790031069","01956421676190"
"905","Grupa Lewandowski","clewandowski@czarnecki.org","577029590","99321383067747"
"906","Majewska","fnowak@adamska.com.pl","611903232","89543109514555"
"907","Marciniak-Baranowska","hkubiak@czarnecki.com.pl","831048360","95295781583341"
"908","Duda s. c.","adrian18@pietrzak.pl","076358768","69661674064073"
"909","Kołodziej","arkadiusz10@kubiak.com","531566331","93842455094520"
"910","Zawadzki S.K.A","kazimierz.baranowski@urbanska.pl","799778841","63449517216958"
"911","Makowska sp. j.","matylda.rutkowska@wasilewski.pl","977182183","53848748032538"
"912","Zawadzka-Andrzejewski","sandra83@pietrzak.pl","732961477","65739611853780"
"913","Marciniak","ignacy.przybylska@wojcik.pl","512431169","21018950327704"
"914","Spółdzielnia Sadowska","padamczyk@piotrowska.net","951725178","35873242139425"
"915","Cieślak i syn","zwieczorek@mazurek.com","091699450","69341762534399"
"916","Dąbrowska s. c.","kamil93@jakubowski.org","431104540","89318065494447"
"917","Kaźmierczak","zajac.sonia@ostrowska.pl","530316017","83780990883136"
"918","Jaworski","xczerwinska@zielinska.pl","118570364","23510491536830"
"919","Baranowska sp. k.","jeremi.wrobel@wasilewska.com.pl","579488556","89369724557328"
"920","Jakubowska s. c.","jakubowska.liliana@grabowska.com.pl","534184914","11689624529068"
"921","Sobczak P.P.O.F","witkowska.bianka@chmielewska.pl","070717812","87962960013151"
"922","Kwiatkowska-Baran","roksana07@glowacki.pl","239178879","67625954099634"
"923","Jaworski S.A.","jwojcik@majewska.pl","113136829","17012821998574"
"924","Laskowska-Brzezińska","zuzanna.brzezinska@kolodziej.pl","492775056","57802890170710"
"925","Zawadzki","ybaran@andrzejewski.org","674961855","85375594037040"
"926","Marciniak sp. z o.o.","nikodem79@gajewska.com.pl","979726931","41028974734086"
"927","Mazurek","kazimierz67@sikorska.pl","834219129","89686652492355"
"928","Ziółkowska sp. k.","ikozlowska@kubiak.pl","072017993","65719769545044"
"929","Wojciechowska","baran.julianna@mazurek.net","979940989","93893325796259"
"930","Sokołowski sp. k.","bkrupa@nowakowski.com.pl","935110555","59451555715671"
"931","Witkowski-Głowacka","kalina.jankowski@grabowska.pl","432875445","13525917660281"
"932","Szulc sp. j.","xkalinowska@kaminski.org","670456280","61293320642079"
"933","Szulc-Wieczorek","krystyna.jankowska@michalak.com.pl","159965151","33002364602171"
"934","Makowski s. c.","makowski.kamila@wojciechowska.org","895617049","81367190885160"
"935","Górski-Wiśniewski","dawid.szymczak@zawadzki.pl","797929738","47830704731622"
"936","Borowska S.K.A","rafal08@kalinowska.pl","551238982","07792408130509"
"937","Spółdzielnia Maciejewska","nataniel.rutkowski@malinowska.org","219556914","99516207784790"
"938","Michalska","magdalena.szymczak@ostrowski.com.pl","497571909","43617320820547"
"939","Mazurek S.A.","szczepanski.weronika@wojciechowski.pl","575087145","15503659079352"
"940","Dudek P.P.O.F","julita50@jasinski.pl","959163544","81359678566098"
"941","Grupa Nowak","jacek27@brzezinska.org","533347870","71546608056197"
"942","Ostrowska P.P.O.F","jczarnecka@gorska.pl","332446322","49510135865999"
"943","Wasilewska sp. k.","roksana18@adamczyk.com.pl","058378199","83028207158510"
"944","Krajewski S.A.","rsawicka@szczepanska.pl","574353248","61574293268149"
"945","Chmielewska","joanna84@wrobel.com.pl","133135524","49523577488527"
"946","Wojciechowska sp. z o.o.","wojciechowski.jeremi@szymczak.pl","674190412","87753848276757"
"947","Konieczny sp. k.","krupa.nikola@bak.info","190554395","91167820500562"
"948","Kwiatkowski S.K.A","janina.sikora@andrzejewski.com","535041418","47455356560279"
"949","Marciniak sp. k.","sikora.joanna@maciejewski.pl","756802079","29338683171724"
"950","Witkowski sp. k.","liliana30@tomaszewski.pl","793853270","21509418096691"
"951","Brzeziński sp. k.","jaworska.nicole@dudek.net","158254229","85259173121420"
"952","Lis sp. k.","dagmara05@szulc.com","799849498","11096204735502"
"953","Zawadzki-Dąbrowska","ida.pawlowska@zalewski.pl","194331120","55827503591137"
"954","Baranowski sp. z o.o.","agnieszka.szewczyk@kucharski.pl","113169042","51776667389629"
"955","Rutkowska","wrobel.maurycy@gajewski.com","631370346","65723524316414"
"956","Wojciechowski","pkwiatkowski@majewski.net","197350508","71440987781979"
"957","Krajewska sp. j.","pawel.nowicka@borowska.pl","650600449","23639038982605"
"958","Szulc S.A.","kozlowska.maurycy@wojciechowska.pl","772733934","29137087256534"
"959","Borowski","nikodem28@mazurek.com.pl","451960558","23995930653315"
"960","Urbańska","antoni.mazur@kozlowska.com.pl","656932299","35030343683818"
"961","Stowarzyszenie Walczak","bwroblewski@wasilewska.pl","836443865","81101758285899"
"962","Sadowski sp. j.","dominika93@kazmierczak.info","017641361","67704716494116"
"963","Stowarzyszenie Kozłowski","bgajewski@andrzejewska.pl","876302398","95666030228761"
"964","Wójcik-Nowak","dzalewski@grabowski.com.pl","170113844","77369443281788"
"965","Maciejewska S.A.","gkazmierczak@pawlak.pl","518226424","81936479708113"
"966","Chmielewska i syn","gabriel.chmielewski@lewandowski.net","052412541","25142166181400"
"967","Grupa Szymczak","szczepanski.konstanty@jasinska.pl","312768745","49647695984726"
"968","Ziółkowski s. c.","pawlak.michalina@pietrzak.pl","955184621","31331843565060"
"969","Kucharski","yjasinska@szymczak.pl","293276500","45089547440304"
"970","Spółdzielnia Kubiak","malinowska.emil@brzezinski.pl","195187955","57618114229799"
"971","Mróz sp. j.","cyprian.pawlak@baranowski.info","876304888","93789968298106"
"972","Zając sp. k.","igor80@grabowski.pl","890589124","09465974060337"
"973","Zakrzewski","adamski.patrycja@glowacki.pl","817555346","33556018876123"
"974","Lis S.K.A","adamczyk.hubert@gorski.pl","214526073","99473895403130"
"975","Gajewska S.K.A","aleksandra.wasilewska@szczepanski.com.pl","278047397","27481158895473"
"976","Kaczmarczyk sp. p.","karol05@zakrzewski.com.pl","312383324","43786070959523"
"977","Mazurek","oliwia.zajac@krawczyk.pl","471067605","75783930580250"
"978","Gajewski s. c.","szymczak.maksymilian@glowacka.org","251550967","71339776491460"
"979","Fundacja Adamczyk","nlis@sokolowska.pl","931975258","17598465061039"
"980","Jakubowska S.K.A","marika84@zielinska.pl","312787458","19126806596980"
"981","Zielińska","szymon.szymczak@zawadzka.pl","037664783","81295925728220"
"982","Głowacki sp. p.","matylda46@krawczyk.pl","758338143","77995329092317"
"983","Spółdzielnia Urbański","franciszek.szulc@mazurek.com","876059911","79751973394892"
"984","Dudek sp. z o.o.","vwozniak@kowalczyk.com.pl","616406930","35705068889604"
"985","Spółdzielnia Zakrzewski","oliwia24@krol.net","435401914","77289343199126"
"986","Nowakowski-Jasiński","surbanski@maciejewski.com","830195805","33636573832821"
"987","Szymczak-Włodarczyk","nina.mazurek@zielinski.pl","092706346","53622855072921"
"988","Mróz sp. z o.o.","szewczyk.barbara@gorska.pl","712295004","27524140879796"
"989","Kołodziej","bkowalczyk@borowski.pl","951467397","73555933308431"
"990","Lis sp. p.","alicja.szymanski@kowalczyk.com.pl","916047001","83429838209577"
"991","Kubiak S.A.","wiktoria45@sikora.net","478847140","25354231137948"
"992","Borowska-Kubiak","jaworski.apolonia@baran.com.pl","213560174","83414038534853"
"993","Krupa i syn","julian.kubiak@kowalska.pl","877942384","79323367831949"
"994","Górska-Michalak","michalina.nowak@krupa.pl","554645653","61633936804525"
"995","Grupa Głowacka","nina20@bak.pl","937686288","57876614844686"
"996","Laskowska","maciej.bak@mazurek.net","815075694","29797116043141"
"997","Błaszczyk S.K.A","adam79@blaszczyk.pl","492010394","37101233016960"
"998","Lewandowska P.P.O.F","urszula21@nowakowska.pl","598843152","15362674913049"
"999","Zalewska-Andrzejewski","dolszewska@wilk.org","436551219","01741349964626"
"1000","Król-Wojciechowska","patryk24@walczak.pl","777500324","37964135063851"